"","volumePerUnit","isChicken","PRIVATE.LABEL","flavor","containsTomato","IDOFFLAVOR"
"1",1.34375,FALSE,FALSE,"cream of celery",FALSE,415
"2",1.34375,FALSE,FALSE,"cream of broccoli",FALSE,488
"3",1.31255116088704,FALSE,FALSE,"alphabet vegetable",FALSE,399
"4",1.31255116088704,FALSE,FALSE,"vegetable beef",FALSE,420
"5",1.34375,FALSE,FALSE,"missing",FALSE,467
"6",1.31255116088704,TRUE,FALSE,"chicken & wild rice",FALSE,507
"7",1.34375,FALSE,FALSE,"cream of broccoli",FALSE,525
"8",1.34375,FALSE,FALSE,"cream of celery",FALSE,520
"9",3.249879074267,TRUE,FALSE,"chicken noodle",FALSE,425
"10",1.34375,TRUE,FALSE,"chicken noodle",FALSE,424
"11",5.37480000744158,TRUE,FALSE,"chicken noodle",FALSE,550
"12",2.34991256139306,FALSE,FALSE,"tomato garden",TRUE,394
"13",2.32491349159101,FALSE,FALSE,"fiesta vegetable",FALSE,508
"14",2.37491163119512,TRUE,FALSE,"chicken & wild rice",FALSE,170
"15",2.37491163119512,TRUE,FALSE,"chicken noodle",FALSE,989
"16",2.37491163119512,TRUE,FALSE,"chicken & rice",FALSE,134
"17",1.34375,FALSE,FALSE,"new england clamchw",FALSE,612
"18",1.34375,TRUE,FALSE,"chicken and stars",FALSE,1081
"19",5.37480000744158,FALSE,FALSE,"tomato",TRUE,551
"20",1.87493023515404,FALSE,FALSE,"garden vegetable",FALSE,351
"21",1.87493023515404,TRUE,FALSE,"fiesta chicken",FALSE,360
"22",1.87493023515404,TRUE,FALSE,"chicken and dumpling",FALSE,367
"23",1.87493023515404,TRUE,FALSE,"chicken noodle",FALSE,1030
"24",1.34375,TRUE,FALSE,"cream of chicken",FALSE,1051
"25",1.34375,TRUE,FALSE,"chicken noodle",FALSE,490
"26",1.34375,FALSE,FALSE,"tomato",TRUE,1050
"27",2.31251395296919,FALSE,FALSE,"new england clamchw",FALSE,142
"28",1.87493023515404,FALSE,FALSE,"new england clamchw",FALSE,1232
"29",1.34375,FALSE,FALSE,"tomato",TRUE,370
"30",1.906129074267,FALSE,FALSE,"vegetable",FALSE,146
"31",1.906129074267,TRUE,FALSE,"chicken & wild rice",FALSE,147
"32",1.906129074267,TRUE,FALSE,"chicken noodle",FALSE,156
"33",2.31251395296919,FALSE,FALSE,"new england clamchw",FALSE,198
"34",1.87493023515404,FALSE,FALSE,"new england clamchw",FALSE,1236
"35",2.37491163119512,FALSE,FALSE,"missing",FALSE,176
"36",1.87493023515404,FALSE,FALSE,"new eng corn chowder",FALSE,1234
"37",1.906129074267,FALSE,FALSE,"new england clamchw",FALSE,1080
"38",1.906129074267,TRUE,FALSE,"classic chicken ndl",FALSE,605
"39",1.31255116088704,TRUE,FALSE,"chicken",FALSE,1045
"40",1.906129074267,FALSE,FALSE,"beef & vegetable",FALSE,145
"41",1.906129074267,FALSE,FALSE,"sirloin burger & veg",FALSE,604
"42",2.37491163119512,TRUE,TRUE,"chicken noodle",FALSE,1282
"43",2.37491163119512,FALSE,TRUE,"new england clamchw",FALSE,1311
"44",2.34991256139306,FALSE,FALSE,"beef and rice",FALSE,554
"45",2.34991256139306,TRUE,FALSE,"chicken and dumpling",FALSE,584
"46",2.34991256139306,TRUE,FALSE,"hearty chicken vgtbl",FALSE,1037
"47",2.37491163119512,FALSE,FALSE,"beef barley",FALSE,1065
"48",2.34991256139306,FALSE,FALSE,"steak and potato",FALSE,385
"49",2.34991256139306,FALSE,FALSE,"missing",FALSE,616
"50",2.32491349159101,TRUE,FALSE,"chicken //egg noodle",FALSE,450
"51",2.37491163119512,FALSE,FALSE,"vegetable",FALSE,188
"52",2.31251395296919,FALSE,FALSE,"garden vegetable",FALSE,220
"53",1.74993488614377,TRUE,FALSE,"chicken",FALSE,466
"54",1.31255116088704,TRUE,TRUE,"chicken noodle",FALSE,1504
"55",2.31251395296919,FALSE,FALSE,"steak beef vegetable",FALSE,181
"56",2.31251395296919,FALSE,FALSE,"steak bef baked pott",FALSE,182
"57",2.31251395296919,FALSE,FALSE,"steak beef mushroom",FALSE,183
"58",2.37491163119512,FALSE,FALSE,"lentil",FALSE,986
"59",2.37491163119512,FALSE,FALSE,"split pea",FALSE,987
"60",2.32491349159101,FALSE,FALSE,"vegetable beef",FALSE,449
"61",2.32491349159101,FALSE,FALSE,"missing",FALSE,540
"62",2.28731489060872,TRUE,FALSE,"chicken & rice",FALSE,572
"63",2.31251395296919,FALSE,FALSE,"minestrone",FALSE,576
"64",2.37491163119512,FALSE,FALSE,"bean with bacon",FALSE,577
"65",2.32491349159101,TRUE,FALSE,"chicken & rice",FALSE,487
"66",2.37491163119512,FALSE,FALSE,"tomato",TRUE,178
"67",2.37491163119512,FALSE,FALSE,"hrty penn in chk brt",FALSE,184
"68",2.29991442178896,FALSE,FALSE,"country mushroom ric",FALSE,518
"69",2.32491349159101,FALSE,FALSE,"honey roasted chickn",FALSE,566
"70",2.32491349159101,FALSE,FALSE,"missing",FALSE,588
"71",1.34375,TRUE,FALSE,"chicken & rice",FALSE,512
"72",2.31251395296919,FALSE,FALSE,"vegetable",FALSE,575
"73",2.28731489060872,TRUE,FALSE,"chicken and stars",FALSE,581
"74",2.34991256139306,FALSE,FALSE,"sirloin burger & veg",FALSE,382
"75",2.34991256139306,FALSE,FALSE,"new england clamchw",FALSE,375
"76",2.34991256139306,FALSE,FALSE,"roasted beef mushrom",FALSE,593
"77",1.34375,FALSE,FALSE,"blended vegetbl mdly",FALSE,1068
"78",1.34375,FALSE,FALSE,"cream of broccoli",FALSE,1130
"79",1.34375,FALSE,FALSE,"classic tomato",TRUE,564
"80",1.34375,TRUE,FALSE,"creamy chicken",FALSE,1067
"81",2.34991256139306,TRUE,FALSE,"chicken corn chowder",FALSE,475
"82",2.34991256139306,FALSE,FALSE,"honey roasted hm ptt",FALSE,594
"83",2.37491163119512,TRUE,TRUE,"chicken & rice",FALSE,1286
"84",2.34991256139306,FALSE,FALSE,"new england clamchw",FALSE,625
"85",2.31251395296919,FALSE,FALSE,"vegetable",FALSE,1073
"86",1.37494883911296,FALSE,FALSE,"beef veg and barley",FALSE,409
"87",1.31255116088704,TRUE,FALSE,"chicken goldfish pst",FALSE,1078
"88",2.37491163119512,TRUE,FALSE,"chicken vegetable",FALSE,143
"89",2.37491163119512,FALSE,FALSE,"missing",FALSE,995
"90",1.34375,FALSE,FALSE,"pizza",FALSE,645
"91",1.31255116088704,TRUE,FALSE,"chicken noodle",FALSE,1129
"92",1.34375,FALSE,FALSE,"cream of asparagus",FALSE,491
"93",1.34375,FALSE,FALSE,"cream of chicken",FALSE,529
"94",1.34375,FALSE,FALSE,"cheddar cheese",FALSE,439
"95",2.37491163119512,FALSE,FALSE,"chickarina",FALSE,138
"96",2.37491163119512,TRUE,FALSE,"roasted chicken itln",FALSE,173
"97",2.31251395296919,TRUE,FALSE,"chicken barley",FALSE,177
"98",2.31251395296919,FALSE,FALSE,"missing",FALSE,191
"99",1.34375,TRUE,FALSE,"chicken noodle",FALSE,1036
"100",2.28731489060872,FALSE,FALSE,"missing",FALSE,636
"101",2.37491163119512,FALSE,FALSE,"savory lentil",FALSE,456
"102",2.32491349159101,FALSE,FALSE,"beef barley",FALSE,589
"103",2.32491349159101,TRUE,FALSE,"chicken tortilla",FALSE,613
"104",2.32491349159101,FALSE,FALSE,"missing",FALSE,665
"105",0.281189537133502,FALSE,FALSE,"beef",FALSE,255
"106",0.374986047030808,TRUE,FALSE,"chicken",FALSE,770
"107",0.374986047030808,FALSE,FALSE,"pork",FALSE,1088
"108",4.4998325643697,FALSE,FALSE,"beef",FALSE,1140
"109",2.24991628218485,FALSE,FALSE,"beef",FALSE,284
"110",2.37491163119512,FALSE,FALSE,"tomato vegetable",TRUE,140
"111",1.68753720791784,TRUE,FALSE,"chicken",FALSE,259
"112",0.281189537133502,FALSE,FALSE,"beef",FALSE,1092
"113",0.281189537133502,TRUE,FALSE,"chicken",FALSE,1094
"114",0.281189537133502,TRUE,FALSE,"creamy chicken",FALSE,1095
"115",0.281189537133502,TRUE,FALSE,"chicken vegetable",FALSE,1144
"116",0.281189537133502,TRUE,FALSE,"chicken",FALSE,254
"117",0.281189537133502,FALSE,FALSE,"missing",FALSE,1015
"118",0.281189537133502,FALSE,FALSE,"cheddar cheese",FALSE,265
"119",2.24991628218485,FALSE,FALSE,"beef",FALSE,777
"120",2.24991628218485,TRUE,FALSE,"chicken",FALSE,778
"121",2.37491163119512,FALSE,FALSE,"minestrone",FALSE,984
"122",1.34375,TRUE,FALSE,"cream of chicken",FALSE,402
"123",1.34375,FALSE,FALSE,"cream of mushroom",FALSE,427
"124",2.31251395296919,FALSE,FALSE,"french onion",FALSE,186
"125",2.37491163119512,FALSE,FALSE,"beef barley",FALSE,187
"126",2.37491163119512,TRUE,FALSE,"chicken noodle",FALSE,202
"127",2.32491349159101,TRUE,FALSE,"chicken pot pie",FALSE,209
"128",2.31251395296919,TRUE,FALSE,"chicken & wild rice",FALSE,205
"129",3.99985116832862,FALSE,FALSE,"borscht",FALSE,1123
"130",16.1244000223247,FALSE,FALSE,"tomato",TRUE,602
"131",2.37491163119512,FALSE,FALSE,"turkey noodle",FALSE,167
"132",1.34375,FALSE,FALSE,"cream of mushroom",FALSE,528
"133",2.37491163119512,FALSE,FALSE,"lentil",FALSE,195
"134",2.49990698020539,FALSE,FALSE,"15 bean",FALSE,28
"135",0.249990698020539,FALSE,FALSE,"onion",FALSE,974
"136",2.37491163119512,FALSE,TRUE,"lentil",FALSE,1305
"137",1.31255116088704,FALSE,TRUE,"cream of mushroom",FALSE,1359
"138",3.249879074267,FALSE,FALSE,"cream of mushroom",FALSE,429
"139",1.31255116088704,TRUE,TRUE,"cream of chicken",FALSE,1345
"140",2.31251395296919,FALSE,FALSE,"missing",FALSE,192
"141",2.37491163119512,FALSE,TRUE,"sirloin burger",FALSE,1319
"142",1.31255116088704,FALSE,TRUE,"cream of celery",FALSE,1347
"143",2.37491163119512,FALSE,TRUE,"missing",FALSE,1279
"144",2.37491163119512,FALSE,TRUE,"wedding",FALSE,1336
"145",1.34375,TRUE,TRUE,"cream of chicken",FALSE,1346
"146",1.87493023515404,FALSE,FALSE,"new england clamchw",FALSE,1241
"147",1.34375,FALSE,TRUE,"tomato",TRUE,1372
"148",1.31255116088704,FALSE,FALSE,"beef",FALSE,403
"149",1.34375,TRUE,FALSE,"cream of chicken",FALSE,521
"150",2.37491163119512,TRUE,FALSE,"hearty chicken&rotin",FALSE,189
"151",1.87493023515404,FALSE,FALSE,"split pea and ham",FALSE,1035
"152",2.28731489060872,FALSE,FALSE,"missing",FALSE,632
"153",3.249879074267,FALSE,FALSE,"tomato",TRUE,371
"154",1.81253255692811,TRUE,FALSE,"chicken",FALSE,953
"155",1.81253255692811,FALSE,FALSE,"beef",FALSE,954
"156",1.37494883911296,FALSE,FALSE,"tomato rice",TRUE,437
"157",0.412584648013097,TRUE,FALSE,"chicken",FALSE,65
"158",0.137594880190505,FALSE,FALSE,"beef",FALSE,66
"159",1.81253255692811,TRUE,TRUE,"chicken",FALSE,1472
"160",1.34375,FALSE,TRUE,"tomato",TRUE,1522
"161",1.34375,FALSE,FALSE,"golden mushroom",FALSE,462
"162",1.81253255692811,FALSE,TRUE,"beef",FALSE,1469
"163",5.37480000744158,FALSE,FALSE,"cream of mushroom",FALSE,1063
"164",2.37491163119512,FALSE,FALSE,"rostd chckn grdn hrb",FALSE,174
"165",1.31255116088704,FALSE,FALSE,"new england clamchw",FALSE,805
"166",1.87493023515404,FALSE,FALSE,"missing",FALSE,46
"167",1.34375,FALSE,FALSE,"cream of mushroom",FALSE,492
"168",2.37491163119512,TRUE,FALSE,"chicken & rice",FALSE,878
"169",2.37491163119512,FALSE,FALSE,"vegetable",FALSE,879
"170",1.34375,FALSE,FALSE,"cream of mushroom",FALSE,519
"171",2.37491163119512,FALSE,FALSE,"minestrone",FALSE,880
"172",2.37491163119512,FALSE,FALSE,"macaroni bean",FALSE,881
"173",1.87493023515404,FALSE,FALSE,"oyster chowder",FALSE,941
"174",1.34375,FALSE,FALSE,"turkey vegetable",FALSE,432
"175",1.31255116088704,FALSE,FALSE,"manhattan clamchowdr",FALSE,806
"176",2.37491163119512,TRUE,FALSE,"chicken pasta",FALSE,1107
"177",1.87493023515404,FALSE,FALSE,"new england clamchw",FALSE,938
"178",1.87493023515404,FALSE,FALSE,"corn chowder",FALSE,940
"179",1.31255116088704,TRUE,FALSE,"chicken and stars",FALSE,442
"180",1.31255116088704,TRUE,FALSE,"chicken & rice",FALSE,404
"181",1.31255116088704,FALSE,FALSE,"missing",FALSE,446
"182",1.37494883911296,FALSE,FALSE,"double noodle",FALSE,470
"183",1.93752790593838,TRUE,FALSE,"chicken noodle",FALSE,1044
"184",1.99992558416431,TRUE,FALSE,"chicken & rice",FALSE,1047
"185",1.31255116088704,TRUE,FALSE,"chicken & rice",FALSE,1054
"186",1.99992558416431,FALSE,FALSE,"hearty vegetable",FALSE,461
"187",2.37491163119512,FALSE,FALSE,"missing",FALSE,883
"188",2.37491163119512,TRUE,FALSE,"chicken noodle",FALSE,884
"189",1.31255116088704,FALSE,FALSE,"oyster stew",FALSE,809
"190",1.87493023515404,FALSE,FALSE,"new england clamchw",FALSE,318
"191",1.87493023515404,FALSE,FALSE,"new england clamchw",FALSE,42
"192",1.31255116088704,TRUE,TRUE,"chicken and stars",FALSE,1351
"193",1.87493023515404,FALSE,FALSE,"new england clamchw",FALSE,1157
"194",1.87493023515404,FALSE,FALSE,"fish chowder",FALSE,1233
"195",1.87493023515404,FALSE,FALSE,"seafood chowder",FALSE,1235
"196",1.87493023515404,TRUE,FALSE,"chicken corn chowder",FALSE,1237
"197",1.34375,FALSE,FALSE,"tomato",TRUE,673
"198",2.28731489060872,TRUE,FALSE,"chicken noodle",FALSE,571
"199",2.34991256139306,TRUE,FALSE,"chicken mushrm chwdr",FALSE,505
"200",1.31255116088704,FALSE,FALSE,"chicken brooth",FALSE,544
"201",1.87493023515404,FALSE,FALSE,"new england clamchw",FALSE,352
"202",1.87493023515404,TRUE,FALSE,"chicken & rice",FALSE,1029
"203",2.31251395296919,FALSE,FALSE,"minestrone",FALSE,455
"204",2.32491349159101,TRUE,FALSE,"chicken vegetable",FALSE,472
"205",2.32491349159101,TRUE,FALSE,"classic chicken ndl",FALSE,478
"206",2.37491163119512,FALSE,TRUE,"penne pasta",FALSE,1315
"207",2.34991256139306,FALSE,FALSE,"savory rost w vgtbls",FALSE,578
"208",2.34991256139306,FALSE,FALSE,"salisbury steak",FALSE,579
"209",1.87493023515404,FALSE,FALSE,"lobster bisque",FALSE,939
"210",2.34991256139306,FALSE,FALSE,"new england clamchw",FALSE,474
"211",2.32491349159101,FALSE,FALSE,"hrb chckn rstd vgtb",FALSE,591
"212",1.87493023515404,FALSE,FALSE,"macaroni bean",FALSE,760
"213",2.31251395296919,FALSE,FALSE,"missing",FALSE,199
"214",1.87493023515404,TRUE,FALSE,"chicken pasta",FALSE,350
"215",1.87493023515404,TRUE,FALSE,"chicken",FALSE,1028
"216",2.37491163119512,FALSE,FALSE,"split pea and ham",FALSE,141
"217",2.37491163119512,FALSE,FALSE,"turkey rice",FALSE,168
"218",2.37491163119512,TRUE,FALSE,"chicken noodle",FALSE,197
"219",2.31251395296919,FALSE,FALSE,"missing",FALSE,994
"220",2.37491163119512,FALSE,TRUE,"country vegetable",FALSE,1293
"221",1.31255116088704,FALSE,FALSE,"vegetarian vegetable",FALSE,414
"222",2.34991256139306,FALSE,FALSE,"beef country veg",FALSE,378
"223",1.34375,FALSE,FALSE,"turkey noodle",FALSE,423
"224",2.31251395296919,FALSE,FALSE,"bef pot rst w vgtbls",FALSE,203
"225",2.31251395296919,FALSE,FALSE,"missing",FALSE,204
"226",1.31255116088704,TRUE,TRUE,"chicken noodle",FALSE,1354
"227",1.31255116088704,TRUE,TRUE,"chicken & rice",FALSE,1356
"228",2.34991256139306,FALSE,FALSE,"missing",FALSE,206
"229",2.37491163119512,FALSE,FALSE,"vegetable beef",FALSE,207
"230",2.34991256139306,FALSE,FALSE,"missing",FALSE,618
"231",2.37491163119512,FALSE,FALSE,"minestrone",FALSE,992
"232",2.31251395296919,FALSE,FALSE,"missing",FALSE,216
"233",2.31251395296919,FALSE,FALSE,"missing",FALSE,218
"234",2.37491163119512,FALSE,FALSE,"macaroni bean",FALSE,988
"235",2.37491163119512,FALSE,TRUE,"lobster bisque",FALSE,1303
"236",2.37491163119512,FALSE,TRUE,"shrimp bisque",FALSE,1325
"237",2.37491163119512,FALSE,TRUE,"vegetable beef",FALSE,1330
"238",2.37491163119512,TRUE,FALSE,"chicken vegetable",FALSE,175
"239",2.34991256139306,FALSE,FALSE,"missing",FALSE,614
"240",2.34991256139306,FALSE,FALSE,"missing",FALSE,617
"241",2.32491349159101,FALSE,FALSE,"missing",FALSE,587
"242",0.281189537133502,TRUE,FALSE,"roast chicken",FALSE,261
"243",0.186193071885697,FALSE,FALSE,"pork wonton",FALSE,282
"244",2.32491349159101,FALSE,FALSE,"missing",FALSE,687
"245",2.34991256139306,TRUE,TRUE,"chicken corn chowder",FALSE,1391
"246",2.37491163119512,FALSE,TRUE,"tomato florentine",TRUE,1453
"247",0.281189537133502,FALSE,FALSE,"roast beef",FALSE,262
"248",0.281189537133502,TRUE,FALSE,"chicken vegetable",FALSE,263
"249",0.186193071885697,TRUE,FALSE,"chicken wonton",FALSE,281
"250",2.31251395296919,FALSE,FALSE,"cream of potato",FALSE,582
"251",1.34375,FALSE,FALSE,"vegetable beef",FALSE,511
"252",2.37491163119512,FALSE,FALSE,"missing",FALSE,993
"253",1.31255116088704,FALSE,FALSE,"mega noodle",FALSE,559
"254",2.37491163119512,FALSE,FALSE,"split pea and ham",FALSE,457
"255",2.34991256139306,FALSE,FALSE,"new england clamchw",FALSE,531
"256",2.34991256139306,FALSE,TRUE,"new england clamchw",FALSE,1313
"257",2.37491163119512,FALSE,TRUE,"sirloin burger & veg",FALSE,1323
"258",2.34991256139306,TRUE,FALSE,"chicken alfredo",FALSE,590
"259",2.32491349159101,FALSE,FALSE,"missing",FALSE,598
"260",2.34991256139306,FALSE,FALSE,"pot roast",FALSE,583
"261",1.906129074267,FALSE,FALSE,"grld chck w vgtb pst",FALSE,597
"262",1.91252883613633,FALSE,FALSE,"missing",FALSE,623
"263",1.91252883613633,FALSE,FALSE,"minestrone",FALSE,641
"264",2.28751488316714,TRUE,FALSE,"chicken noodle",FALSE,1069
"265",2.37491163119512,FALSE,FALSE,"split pea and ham",FALSE,384
"266",2.34991256139306,TRUE,FALSE,"chicken brcli cheese",FALSE,497
"267",2.34991256139306,FALSE,FALSE,"missing",FALSE,383
"268",2.32491349159101,FALSE,FALSE,"grld chck w vgtb pst",FALSE,569
"269",2.34991256139306,FALSE,FALSE,"missing",FALSE,538
"270",1.81253255692811,FALSE,TRUE,"new england clamchw",FALSE,1365
"271",2.34991256139306,FALSE,FALSE,"missing",FALSE,1064
"272",2.32491349159101,TRUE,FALSE,"chicken noodle",FALSE,677
"273",2.34991256139306,FALSE,FALSE,"vegetable",FALSE,379
"274",0.124995349010269,FALSE,FALSE,"golden",FALSE,731
"275",0.137594880190505,FALSE,FALSE,"brown",FALSE,732
"276",2.37491163119512,FALSE,FALSE,"minestrone",FALSE,196
"277",1.34375,TRUE,FALSE,"chicken noodle",FALSE,510
"278",1.34375,FALSE,FALSE,"cream of mshrm chkn",FALSE,441
"279",1.31255116088704,TRUE,TRUE,"chicken",FALSE,1493
"280",3.99985116832862,TRUE,FALSE,"chicken",FALSE,524
"281",1.71873604703081,TRUE,TRUE,"chicken",FALSE,1474
"282",0.406184886143771,FALSE,FALSE,"beef",FALSE,60
"283",0.499981396041077,FALSE,FALSE,"beef",FALSE,63
"284",1.34375,FALSE,FALSE,"cream of mushroom",FALSE,675
"285",3.99985116832862,FALSE,FALSE,"beef",FALSE,856
"286",3.99985116832862,TRUE,FALSE,"chicken",FALSE,556
"287",3.99985116832862,FALSE,FALSE,"beef",FALSE,723
"288",2.37491163119512,FALSE,FALSE,"lentil",FALSE,882
"289",1.81253255692811,FALSE,FALSE,"lentil",FALSE,297
"290",1.76253441732401,FALSE,FALSE,"cream of mushroom",FALSE,301
"291",1.76253441732401,FALSE,FALSE,"minestrone",FALSE,302
"292",1.99992558416431,FALSE,FALSE,"new england clamchw",FALSE,482
"293",2.37491163119512,TRUE,FALSE,"grilled chicken",FALSE,193
"294",3.99985116832862,FALSE,FALSE,"creamy buternut sqsh",FALSE,915
"295",3.99985116832862,FALSE,FALSE,"cream of tomato",TRUE,919
"296",2.31251395296919,FALSE,FALSE,"corn chowder",FALSE,171
"297",1.87493023515404,FALSE,FALSE,"ginger carrot",FALSE,1199
"298",2.37491163119512,FALSE,FALSE,"tomato basil",TRUE,135
"299",1.31255116088704,FALSE,FALSE,"oyster stew",FALSE,471
"300",1.99992558416431,FALSE,FALSE,"creamy buternut sqsh",FALSE,712
"301",2.31251395296919,FALSE,FALSE,"missing",FALSE,219
"302",1.87493023515404,FALSE,FALSE,"vegetable",FALSE,77
"303",1.87493023515404,FALSE,FALSE,"vegetable barley",FALSE,91
"304",3.99985116832862,TRUE,FALSE,"chicken",FALSE,720
"305",3.99985116832862,FALSE,FALSE,"beef",FALSE,724
"306",3.99985116832862,FALSE,FALSE,"vegetable",FALSE,1242
"307",2.34991256139306,FALSE,FALSE,"vegetable beef",FALSE,377
"308",1.34375,TRUE,FALSE,"chicken gumbo",FALSE,407
"309",1.34375,TRUE,FALSE,"chicken noodle",FALSE,373
"310",2.33751302277125,FALSE,FALSE,"tomato",TRUE,573
"311",1.31255116088704,FALSE,FALSE,"vegetable beef",FALSE,1053
"312",2.34991256139306,FALSE,FALSE,"grld srl stk hrt vgt",FALSE,568
"313",1.91252883613633,FALSE,FALSE,"missing",FALSE,622
"314",1.34375,FALSE,FALSE,"creamy tomato",TRUE,610
"315",1.37494883911296,FALSE,FALSE,"black bean",FALSE,408
"316",1.43754650989731,FALSE,FALSE,"split pea//ham&bacon",FALSE,438
"317",1.40614767822593,FALSE,FALSE,"green pea",FALSE,418
"318",1.43754650989731,FALSE,TRUE,"bean with bacon",FALSE,1338
"319",1.40614767822593,FALSE,TRUE,"split pea//ham&bacon",FALSE,1366
"320",1.34375,FALSE,FALSE,"manhattan clamchowdr",FALSE,410
"321",1.34375,FALSE,FALSE,"mexican fiesta",FALSE,619
"322",0.149994418812323,TRUE,FALSE,"chicken",FALSE,67
"323",2.31251395296919,FALSE,FALSE,"missing",FALSE,223
"324",1.43754650989731,FALSE,FALSE,"bean bacon",FALSE,430
"325",2.28731489060872,FALSE,FALSE,"missing",FALSE,633
"326",3.99985116832862,FALSE,FALSE,"beef",FALSE,1153
"327",1.40614767822593,FALSE,TRUE,"split pea//ham&bacon",FALSE,1519
"328",3.99985116832862,TRUE,FALSE,"chicken",FALSE,1152
"329",1.34375,FALSE,FALSE,"minestrone",FALSE,503
"330",1.34375,FALSE,FALSE,"tomato noodle",TRUE,563
"331",1.34375,FALSE,FALSE,"cream of broccoli",FALSE,494
"332",2.34991256139306,FALSE,FALSE,"missing",FALSE,541
"333",2.33751302277125,FALSE,FALSE,"tomato",TRUE,574
"334",1.87493023515404,FALSE,FALSE,"creamy potato ham",FALSE,359
"335",1.31255116088704,FALSE,TRUE,"vegetable",FALSE,1378
"336",1.34375,FALSE,FALSE,"cream of potato",FALSE,447
"337",1.91252883613633,TRUE,FALSE,"chicken egg noodle",FALSE,621
"338",2.28751488316714,TRUE,FALSE,"chicken & rice",FALSE,1070
"339",1.31255116088704,FALSE,FALSE,"old fashioned vegt",FALSE,444
"340",1.34375,FALSE,FALSE,"missing",FALSE,611
"341",2.34991256139306,FALSE,FALSE,"missing",FALSE,380
"342",1.34375,FALSE,FALSE,"new england clamchw",FALSE,473
"343",1.31255116088704,FALSE,FALSE,"tomato",TRUE,391
"344",1.34375,FALSE,FALSE,"split pea",FALSE,393
"345",10.7496000148832,FALSE,FALSE,"cream of mushroom",FALSE,570
"346",1.34375,FALSE,FALSE,"vegetable beef",FALSE,639
"347",1.74993488614377,TRUE,FALSE,"chicken & rice",FALSE,344
"348",2.28731489060872,FALSE,FALSE,"missing",FALSE,634
"349",1.92492837475815,TRUE,FALSE,"chicken noodle",FALSE,561
"350",1.92492837475815,FALSE,FALSE,"vegetable",FALSE,562
"351",2.31251395296919,FALSE,FALSE,"new england clamchw",FALSE,212
"352",1.92492837475815,FALSE,FALSE,"tomato",TRUE,560
"353",0.312588368804882,FALSE,TRUE,"onion",FALSE,1553
"354",1.92492837475815,FALSE,FALSE,"creamy tomato",TRUE,668
"355",0.741172421491293,TRUE,FALSE,"chicken noodle",FALSE,998
"356",1.34375,FALSE,FALSE,"classic tomato",TRUE,701
"357",1.99992558416431,TRUE,FALSE,"chicken",FALSE,683
"358",0.412584648013097,FALSE,FALSE,"missing",FALSE,1216
"359",2.32491349159101,FALSE,FALSE,"missing",FALSE,1084
"360",1.34375,FALSE,FALSE,"minestrone",FALSE,412
"361",1.31255116088704,FALSE,FALSE,"beef",FALSE,417
"362",1.81253255692811,TRUE,FALSE,"chicken",FALSE,17
"363",2.37491163119512,FALSE,FALSE,"minestrone",FALSE,163
"364",1.34375,TRUE,FALSE,"chicken noodle",FALSE,674
"365",3.99985116832862,FALSE,FALSE,"beef",FALSE,20
"366",0.624976745051347,TRUE,FALSE,"chicken noodle",FALSE,848
"367",0.776171119214169,TRUE,FALSE,"chicken",FALSE,849
"368",3.99985116832862,TRUE,FALSE,"chicken",FALSE,15
"369",2.37491163119512,FALSE,TRUE,"pasta fagioli",FALSE,1441
"370",1.74993488614377,TRUE,TRUE,"chicken",FALSE,1475
"371",1.31255116088704,FALSE,FALSE,"french onion",FALSE,416
"372",2.37491163119512,FALSE,TRUE,"minestrone",FALSE,1307
"373",2.37491163119512,FALSE,FALSE,"garden vegetable",FALSE,1192
"374",1.81253255692811,FALSE,FALSE,"corn chowder",FALSE,1253
"375",0.168793719303468,FALSE,FALSE,"onion",FALSE,1103
"376",0.524980465843131,TRUE,FALSE,"chicken noodle",FALSE,1115
"377",0.224991628218485,FALSE,FALSE,"potato leek",FALSE,910
"378",0.187593019794612,FALSE,FALSE,"split pea",FALSE,840
"379",0.612577206429528,FALSE,FALSE,"extra ndl chckn brth",FALSE,1113
"380",2.33751302277125,FALSE,FALSE,"beef & vegetable",FALSE,1190
"381",2.37491163119512,FALSE,FALSE,"minestrone",FALSE,1194
"382",2.34991256139306,FALSE,FALSE,"herb chickn grlc ptt",FALSE,595
"383",2.31251395296919,FALSE,FALSE,"missing",FALSE,210
"384",2.31251395296919,FALSE,FALSE,"missing",FALSE,211
"385",1.31255116088704,FALSE,TRUE,"vegetable beef",FALSE,1375
"386",1.31255116088704,FALSE,FALSE,"lobster bisque",FALSE,808
"387",1.31255116088704,FALSE,FALSE,"pepper pot",FALSE,411
"388",2.34991256139306,FALSE,FALSE,"missing",FALSE,670
"389",2.34991256139306,FALSE,FALSE,"missing",FALSE,669
"390",2.34991256139306,FALSE,FALSE,"potato ham chowder",FALSE,477
"391",0.424984186634916,TRUE,TRUE,"chicken",FALSE,1567
"392",0.374986047030808,TRUE,FALSE,"roast chicken",FALSE,1018
"393",1.92492837475815,FALSE,FALSE,"vegetable beef",FALSE,667
"394",1.34375,FALSE,FALSE,"tomato goldfish past",TRUE,596
"395",2.37491163119512,FALSE,FALSE,"creamy tomato garlic",TRUE,137
"396",2.32491349159101,TRUE,TRUE,"chicken noodle",FALSE,1283
"397",1.34375,FALSE,TRUE,"vegetable",FALSE,1379
"398",1.34375,FALSE,TRUE,"vegetable beef",FALSE,1531
"399",0.399985116832862,TRUE,FALSE,"chicken noodle",FALSE,128
"400",1.34375,TRUE,FALSE,"chicken noodle",FALSE,689
"401",1.34375,FALSE,FALSE,"tomato",TRUE,690
"402",0.3249879074267,FALSE,FALSE,"golden onion",FALSE,975
"403",1.87493023515404,FALSE,FALSE,"missing",FALSE,356
"404",1.87493023515404,FALSE,FALSE,"bean and pasta",FALSE,363
"405",2.24991628218485,FALSE,FALSE,"cream of mushroom",FALSE,194
"406",1.31255116088704,FALSE,FALSE,"missing",FALSE,1083
"407",0.218791858907576,FALSE,FALSE,"cream broc ched chs",FALSE,249
"408",0.406184886143771,FALSE,TRUE,"beef",FALSE,1562
"409",4.4998325643697,TRUE,FALSE,"chicken",FALSE,1139
"410",1.31255116088704,FALSE,FALSE,"missing",FALSE,660
"411",3.99985116832862,FALSE,FALSE,"tomt w rstd grlc hrb",FALSE,537
"412",3.99985116832862,FALSE,FALSE,"tomato",TRUE,535
"413",1.99992558416431,FALSE,FALSE,"split pea and ham",FALSE,496
"414",2.34371279208215,TRUE,TRUE,"chicken noodle",FALSE,1285
"415",2.33751302277125,FALSE,FALSE,"tomato",TRUE,1071
"416",2.34991256139306,FALSE,FALSE,"lentil",FALSE,626
"417",2.31251395296919,FALSE,FALSE,"minestrone",FALSE,1074
"418",1.87493023515404,FALSE,FALSE,"creamy tomato",TRUE,365
"419",2.34991256139306,FALSE,FALSE,"hearty veg & pasta",FALSE,498
"420",2.37491163119512,TRUE,TRUE,"chicken & wild rice",FALSE,1288
"421",2.37491163119512,FALSE,FALSE,"vegetarian vegetable",FALSE,180
"422",2.31251395296919,FALSE,FALSE,"garden vegetable",FALSE,166
"423",2.32491349159101,FALSE,FALSE,"beef barley",FALSE,208
"424",3.99985116832862,TRUE,FALSE,"chicken",FALSE,12
"425",2.32491349159101,FALSE,TRUE,"missing",FALSE,1443
"426",2.37491163119512,FALSE,TRUE,"missing",FALSE,1393
"427",2.31251395296919,FALSE,FALSE,"missing",FALSE,151
"428",2.34991256139306,FALSE,FALSE,"vegetable",FALSE,681
"429",2.31251395296919,TRUE,FALSE,"chicken & wild rice",FALSE,162
"430",0.174993488614377,FALSE,FALSE,"french onion",FALSE,329
"431",2.37491163119512,FALSE,FALSE,"missing",FALSE,991
"432",1.31255116088704,FALSE,TRUE,"cream of mushroom",FALSE,1511
"433",2.37491163119512,FALSE,TRUE,"sirloin burger",FALSE,1445
"434",0.424984186634916,FALSE,TRUE,"beef",FALSE,1560
"435",1.34375,FALSE,FALSE,"broccoli and cheese",FALSE,526
"436",1.91252883613633,FALSE,FALSE,"new england clamchw",FALSE,607
"437",1.906129074267,TRUE,FALSE,"chicken and dumpling",FALSE,608
"438",2.31251395296919,FALSE,FALSE,"cream of potato",FALSE,1076
"439",1.906129074267,FALSE,FALSE,"grld srl stk hrt vgt",FALSE,1079
"440",1.31255116088704,TRUE,FALSE,"chicken noodle",FALSE,647
"441",1.81253255692811,FALSE,FALSE,"garden vegetable",FALSE,18
"442",5.99977675249293,TRUE,FALSE,"chicken",FALSE,955
"443",2.31251395296919,FALSE,FALSE,"missing",FALSE,154
"444",2.34991256139306,FALSE,FALSE,"missing",FALSE,522
"445",2.37491163119512,TRUE,FALSE,"roasted chicken",FALSE,200
"446",3.99985116832862,FALSE,FALSE,"vegetable",FALSE,649
"447",3.99985116832862,TRUE,TRUE,"chicken",FALSE,1477
"448",3.99985116832862,TRUE,FALSE,"chicken",FALSE,648
"449",3.99985116832862,FALSE,FALSE,"vegetable",FALSE,857
"450",1.31255116088704,FALSE,FALSE,"cream of mushroom",FALSE,395
"451",1.34375,FALSE,TRUE,"cream of broccoli",FALSE,1343
"452",1.34375,FALSE,FALSE,"cream of shrimp",FALSE,433
"453",0.468782556928114,TRUE,FALSE,"chicken",FALSE,232
"454",1.81253255692811,TRUE,FALSE,"chicken",FALSE,364
"455",2.99988837624646,TRUE,FALSE,"chicken & wild rice",FALSE,542
"456",2.99988837624646,TRUE,FALSE,"hearty chicken ndl",FALSE,1061
"457",3.99985116832862,FALSE,FALSE,"creamy tomato",TRUE,536
"458",2.37491163119512,FALSE,FALSE,"manhattan clamchowdr",FALSE,990
"459",1.34375,FALSE,FALSE,"new england clamchw",FALSE,398
"460",1.87493023515404,TRUE,FALSE,"chicken w rostd grlc",FALSE,366
"461",1.87493023515404,FALSE,FALSE,"roasted italin chckn",FALSE,368
"462",2.31251395296919,TRUE,FALSE,"chicken noodle",FALSE,165
"463",1.81253255692811,FALSE,FALSE,"beef",FALSE,957
"464",0.274989767822593,FALSE,FALSE,"beef and onion",FALSE,976
"465",1.37494883911296,FALSE,FALSE,"tomato bisque",TRUE,443
"466",1.31255116088704,FALSE,TRUE,"cream of broccoli",FALSE,1342
"467",2.32491349159101,FALSE,FALSE,"vegetable",FALSE,451
"468",2.37491163119512,FALSE,FALSE,"tuscany minestrone",FALSE,509
"469",1.74993488614377,FALSE,TRUE,"beef",FALSE,1467
"470",1.74993488614377,FALSE,FALSE,"beef",FALSE,586
"471",2.32491349159101,FALSE,FALSE,"missing",FALSE,558
"472",2.37491163119512,FALSE,FALSE,"missing",FALSE,390
"473",2.99988837624646,FALSE,FALSE,"country vegetable",FALSE,555
"474",2.32491349159101,FALSE,FALSE,"grld chc snd tmt msh",FALSE,565
"475",2.34991256139306,FALSE,FALSE,"missing",FALSE,523
"476",1.34375,FALSE,FALSE,"garden vegetable",FALSE,545
"477",1.34375,FALSE,FALSE,"broccoli and cheese",FALSE,434
"478",1.31255116088704,FALSE,TRUE,"cheddar cheese",FALSE,1348
"479",2.37491163119512,FALSE,TRUE,"corn chowder",FALSE,1291
"480",2.37491163119512,FALSE,TRUE,"tomato basil",TRUE,1327
"481",1.34375,FALSE,FALSE,"corn",FALSE,643
"482",2.32491349159101,FALSE,FALSE,"missing",FALSE,658
"483",2.32491349159101,FALSE,FALSE,"missing",FALSE,659
"484",2.37491163119512,TRUE,FALSE,"chicken&sausage gmbo",FALSE,214
"485",2.37491163119512,FALSE,TRUE,"new england clamchw",FALSE,1433
"486",1.31255116088704,TRUE,TRUE,"cream of chicken",FALSE,1489
"487",1.31255116088704,TRUE,TRUE,"chicken & rice",FALSE,1506
"488",1.31255116088704,FALSE,TRUE,"cream of mushroom",FALSE,1513
"489",2.37491163119512,FALSE,TRUE,"beef barley",FALSE,1387
"490",2.37491163119512,TRUE,TRUE,"chicken & wild rice",FALSE,1411
"491",1.81253255692811,TRUE,FALSE,"chicken",FALSE,361
"492",1.81253255692811,FALSE,FALSE,"turkey",FALSE,19
"493",2.37491163119512,FALSE,FALSE,"beef barley",FALSE,201
"494",2.37491163119512,TRUE,FALSE,"chicken minestrone",FALSE,215
"495",1.91252883613633,FALSE,FALSE,"savory lentil",FALSE,637
"496",2.31251395296919,TRUE,FALSE,"chicken corn chowder",FALSE,213
"497",2.37491163119512,FALSE,FALSE,"missing",FALSE,885
"498",0.406184886143771,FALSE,FALSE,"beef",FALSE,230
"499",2.32491349159101,FALSE,FALSE,"missing",FALSE,688
"500",0.299988837624647,FALSE,FALSE,"missing",FALSE,1119
"501",1.81253255692811,FALSE,FALSE,"chc brt w rst vgthrb",FALSE,11
"502",1.99992558416431,FALSE,FALSE,"vegetable beef",FALSE,460
"503",1.31255116088704,FALSE,FALSE,"vegetable",FALSE,1052
"504",1.87493023515404,FALSE,FALSE,"minestrone",FALSE,1033
"505",1.87493023515404,FALSE,FALSE,"turkey and rice",FALSE,347
"506",1.87493023515404,FALSE,FALSE,"country vegetable",FALSE,1031
"507",2.34991256139306,TRUE,FALSE,"rosemary chicken",FALSE,557
"508",2.31251395296919,FALSE,FALSE,"southwest vegetable",FALSE,153
"509",2.31251395296919,FALSE,FALSE,"vegetable",FALSE,155
"510",2.32491349159101,FALSE,FALSE,"missing",FALSE,627
"511",2.32491349159101,FALSE,FALSE,"missing",FALSE,580
"512",1.74993488614377,TRUE,FALSE,"chicken noodle",FALSE,346
"513",1.906129074267,FALSE,FALSE,"missing",FALSE,148
"514",1.906129074267,TRUE,TRUE,"chicken noodle",FALSE,1284
"515",1.34375,FALSE,FALSE,"missing",FALSE,630
"516",1.31255116088704,TRUE,TRUE,"cream of chicken",FALSE,1486
"517",1.91252883613633,FALSE,FALSE,"itln wdng mtbll spnc",FALSE,694
"518",2.28731489060872,FALSE,FALSE,"southwestern corn",FALSE,671
"519",2.28731489060872,FALSE,FALSE,"missing",FALSE,691
"520",1.34375,FALSE,FALSE,"missing",FALSE,700
"521",2.34991256139306,FALSE,FALSE,"new england clamchw",FALSE,679
"522",2.32491349159101,FALSE,FALSE,"missing",FALSE,629
"523",4.12484651733889,FALSE,FALSE,"borscht",FALSE,839
"524",0.187593019794612,TRUE,FALSE,"chicken",FALSE,935
"525",2.99988837624646,FALSE,FALSE,"borscht",FALSE,252
"526",0.343787207917845,FALSE,FALSE,"onion",FALSE,868
"527",3.99985116832862,FALSE,FALSE,"borscht",FALSE,1011
"528",0.187593019794612,FALSE,FALSE,"meat",FALSE,1111
"529",9.24965582675993,FALSE,FALSE,"new england clamchw",FALSE,158
"530",2.31251395296919,FALSE,FALSE,"escarole",FALSE,139
"531",0.524980465843131,FALSE,FALSE,"beef",FALSE,333
"532",16.1244000223247,TRUE,FALSE,"chicken noodle",FALSE,600
"533",2.37491163119512,FALSE,FALSE,"bean with bacon",FALSE,1075
"534",2.37491163119512,FALSE,FALSE,"hearty black bean",FALSE,169
"535",2.34991256139306,FALSE,FALSE,"manhattan clamchowdr",FALSE,381
"536",1.87493023515404,FALSE,FALSE,"minestrone",FALSE,901
"537",3.99985116832862,TRUE,TRUE,"chicken",FALSE,1471
"538",1.74993488614377,FALSE,FALSE,"beef",FALSE,464
"539",1.34375,FALSE,TRUE,"vegetarian vegetable",FALSE,1374
"540",2.37491163119512,FALSE,TRUE,"vegetable",FALSE,1332
"541",1.40614767822593,FALSE,TRUE,"bean bacon",FALSE,1341
"542",2.37491163119512,TRUE,TRUE,"chicken tortilla",FALSE,1278
"543",1.906129074267,FALSE,FALSE,"minestrone",FALSE,150
"544",2.32491349159101,TRUE,FALSE,"chicken tortilla",FALSE,686
"545",1.34375,FALSE,FALSE,"missing",FALSE,631
"546",0.281189537133502,FALSE,FALSE,"shrimp",FALSE,1093
"547",0.697574043756511,FALSE,FALSE,"hearty beef stew",FALSE,999
"548",1.68753720791784,FALSE,FALSE,"beef",FALSE,1012
"549",1.91252883613633,FALSE,FALSE,"missing",FALSE,661
"550",1.906129074267,FALSE,FALSE,"vegetable beef",FALSE,1082
"551",0.462582787617205,FALSE,FALSE,"tomato",TRUE,125
"552",0.174993488614377,FALSE,FALSE,"spring vegetable",FALSE,127
"553",0.281189537133502,FALSE,FALSE,"shrimp",FALSE,257
"554",2.31251395296919,TRUE,FALSE,"chicken gumbo",FALSE,164
"555",2.33751302277125,FALSE,FALSE,"missing",FALSE,702
"556",0.281189537133502,FALSE,FALSE,"missing",FALSE,1014
"557",2.31251395296919,FALSE,FALSE,"missing",FALSE,152
"558",2.28731489060872,FALSE,FALSE,"missing",FALSE,635
"559",1.76253441732401,FALSE,FALSE,"split pea",FALSE,300
"560",1.76253441732401,FALSE,FALSE,"butternut squash",FALSE,307
"561",2.37491163119512,TRUE,TRUE,"chicken noodle",FALSE,1270
"562",1.87493023515404,FALSE,FALSE,"beef & potato",FALSE,348
"563",1.87493023515404,TRUE,FALSE,"chicken corn chowder",FALSE,353
"564",1.87493023515404,FALSE,FALSE,"missing",FALSE,358
"565",1.99992558416431,FALSE,FALSE,"missing",FALSE,533
"566",2.37491163119512,FALSE,TRUE,"missing",FALSE,1294
"567",2.37491163119512,FALSE,TRUE,"missing",FALSE,1301
"568",2.37491163119512,TRUE,FALSE,"southwestern chicken",FALSE,217
"569",2.34991256139306,TRUE,TRUE,"chicken dumpling",FALSE,1275
"570",1.34375,FALSE,FALSE,"new england clamchw",FALSE,436
"571",2.33751302277125,FALSE,FALSE,"creamy tomato",TRUE,1072
"572",1.31255116088704,TRUE,TRUE,"chicken",FALSE,1350
"573",1.31255116088704,TRUE,FALSE,"chicken noodle",FALSE,676
"574",1.71873604703081,FALSE,TRUE,"beef",FALSE,1466
"575",1.34375,FALSE,TRUE,"tomato",TRUE,1523
"576",1.99992558416431,FALSE,FALSE,"missing",FALSE,716
"577",2.99988837624646,FALSE,FALSE,"new england clamchw",FALSE,1178
"578",3.249879074267,TRUE,TRUE,"chicken noodle",FALSE,1353
"579",3.249879074267,FALSE,TRUE,"cream of mushroom",FALSE,1358
"580",1.34375,FALSE,FALSE,"tomato",TRUE,601
"581",1.74993488614377,FALSE,FALSE,"vegetable broth",FALSE,484
"582",0.416184514064593,TRUE,FALSE,"chicken",FALSE,61
"583",2.34991256139306,FALSE,FALSE,"vegetable beef",FALSE,678
"584",2.34991256139306,FALSE,FALSE,"missing",FALSE,680
"585",1.34375,FALSE,FALSE,"country vegetable",FALSE,374
"586",1.34375,FALSE,FALSE,"vegetable beef",FALSE,396
"587",1.34375,FALSE,TRUE,"vegetable beef",FALSE,1376
"588",2.31251395296919,TRUE,FALSE,"cheddar chicken",FALSE,172
"589",2.37491163119512,FALSE,TRUE,"missing",FALSE,1422
"590",0.224991628218485,FALSE,FALSE,"chkn ndl w/wht chkn",FALSE,124
"591",1.74993488614377,TRUE,FALSE,"chicken",FALSE,1046
"592",6.18736977228754,TRUE,TRUE,"chicken",FALSE,1473
"593",1.34375,FALSE,FALSE,"italian tomato",TRUE,480
"594",1.34375,TRUE,FALSE,"chicken alphabet",FALSE,463
"595",1.906129074267,FALSE,FALSE,"beef country veg",FALSE,603
"596",1.34375,FALSE,FALSE,"missing",FALSE,609
"597",0.299988837624647,FALSE,TRUE,"onion",FALSE,1552
"598",2.99988837624646,FALSE,FALSE,"vegetable",FALSE,815
"599",1.74993488614377,FALSE,FALSE,"country vegetable",FALSE,345
"600",1.91252883613633,FALSE,FALSE,"missing",FALSE,656
"601",1.87493023515404,FALSE,FALSE,"vegetable clam",FALSE,362
"602",1.31255116088704,FALSE,FALSE,"seafood bisque",FALSE,810
"603",1.34375,FALSE,TRUE,"minestrone",FALSE,1364
"604",1.87493023515404,TRUE,FALSE,"chicken tortilla",FALSE,369
"605",1.34375,FALSE,FALSE,"beef noodle",FALSE,419
"606",1.34375,TRUE,FALSE,"cream of chicken djn",FALSE,567
"607",1.81253255692811,FALSE,FALSE,"potato leek",FALSE,861
"608",3.99985116832862,TRUE,TRUE,"chicken",FALSE,1476
"609",0.174993488614377,FALSE,FALSE,"vegetable",FALSE,327
"610",2.24991628218485,TRUE,FALSE,"chicken",FALSE,283
"611",0.224991628218485,FALSE,FALSE,"vegetable",FALSE,977
"612",2.24991628218485,FALSE,FALSE,"oriental",FALSE,285
"613",2.24991628218485,FALSE,FALSE,"shrimp",FALSE,286
"614",3.99985116832862,FALSE,TRUE,"new england clamchw",FALSE,1310
"615",1.99992558416431,TRUE,FALSE,"chicken",FALSE,682
"616",0.224991628218485,FALSE,FALSE,"mushroom onion",FALSE,1118
"617",1.34375,FALSE,FALSE,"creamy mushroom",FALSE,640
"618",9.49964652478047,TRUE,FALSE,"chicken noodle",FALSE,157
"619",2.99988837624646,FALSE,FALSE,"borscht",FALSE,251
"620",0.187593019794612,TRUE,FALSE,"chicken",FALSE,801
"621",2.31251395296919,FALSE,FALSE,"beef & vegetable",FALSE,221
"622",1.34375,FALSE,FALSE,"cream of mushroom",FALSE,852
"623",0.56257906682542,FALSE,FALSE,"matza ball",FALSE,739
"624",0.499981396041077,TRUE,FALSE,"chicken",FALSE,64
"625",1.87493023515404,FALSE,FALSE,"oyster stew",FALSE,41
"626",1.74993488614377,FALSE,FALSE,"pea",FALSE,730
"627",2.37491163119512,FALSE,FALSE,"red crab",FALSE,962
"628",2.24991628218485,FALSE,FALSE,"shrimp",FALSE,780
"629",0.406184886143771,TRUE,FALSE,"chicken",FALSE,229
"630",0.374986047030808,FALSE,FALSE,"beef",FALSE,769
"631",0.374986047030808,FALSE,FALSE,"shrimp",FALSE,772
"632",3.249879074267,TRUE,FALSE,"cream of chicken",FALSE,489
"633",1.81253255692811,FALSE,FALSE,"beef",FALSE,14
"634",3.249879074267,FALSE,TRUE,"tomato",TRUE,1521
"635",1.31255116088704,TRUE,TRUE,"cream of chicken",FALSE,1487
"636",1.34375,FALSE,FALSE,"missing",FALSE,655
"637",3.99985116832862,TRUE,FALSE,"chicken",FALSE,855
"638",1.87493023515404,FALSE,FALSE,"missing",FALSE,970
"639",1.34375,FALSE,FALSE,"tomato",TRUE,854
"640",1.34375,TRUE,FALSE,"chicken noodle",FALSE,853
"641",1.74993488614377,FALSE,FALSE,"missing",FALSE,1125
"642",1.74993488614377,FALSE,FALSE,"missing",FALSE,1027
"643",0.624976745051347,FALSE,FALSE,"vegetable",FALSE,745
"644",3.99985116832862,TRUE,FALSE,"chicken",FALSE,794
"645",2.32491349159101,FALSE,FALSE,"missing",FALSE,654
"646",2.37491163119512,FALSE,TRUE,"wedding",FALSE,1337
"647",0.56257906682542,TRUE,FALSE,"chicken noodle",FALSE,1114
"648",0.281189537133502,TRUE,FALSE,"creamy chicken",FALSE,1016
"649",0.374986047030808,TRUE,FALSE,"creamy chicken",FALSE,1091
"650",1.31255116088704,FALSE,FALSE,"shrimp bisque",FALSE,811
"651",5.99977675249293,TRUE,FALSE,"chicken",FALSE,16
"652",6.24976745051347,FALSE,FALSE,"vegetable beef",FALSE,422
"653",1.31255116088704,TRUE,FALSE,"chicken wonton",FALSE,468
"654",0.312588368804882,TRUE,FALSE,"chicken",FALSE,1020
"655",1.31255116088704,TRUE,TRUE,"chicken o noodle",FALSE,1352
"656",0.187593019794612,FALSE,FALSE,"beef",FALSE,802
"657",0.187593019794612,TRUE,FALSE,"chicken",FALSE,803
"658",1.87493023515404,FALSE,FALSE,"minestrone",FALSE,761
"659",0.312588368804882,FALSE,TRUE,"onion",FALSE,1550
"660",0.56257906682542,TRUE,FALSE,"chicken broth noodle",FALSE,1138
"661",1.34375,FALSE,FALSE,"cream of chickn&brcl",FALSE,515
"662",2.37491163119512,FALSE,FALSE,"oriental noodle",FALSE,549
"663",2.99988837624646,FALSE,FALSE,"minestrone",FALSE,1062
"664",1.87493023515404,FALSE,FALSE,"white bean",FALSE,1222
"665",1.87493023515404,FALSE,FALSE,"3 bean",FALSE,1224
"666",0.749972094061616,FALSE,FALSE,"missing",FALSE,789
"667",2.37491163119512,FALSE,FALSE,"tomato",TRUE,136
"668",2.37491163119512,FALSE,FALSE,"missing",FALSE,190
"669",9.24965582675993,FALSE,FALSE,"beef & vegetable",FALSE,159
"670",1.87493023515404,FALSE,FALSE,"lobster bisque",FALSE,863
"671",1.87493023515404,FALSE,FALSE,"lentil",FALSE,1225
"672",2.31251395296919,FALSE,FALSE,"missing",FALSE,161
"673",1.34375,TRUE,FALSE,"creamy chicken noodl",FALSE,499
"674",2.32491349159101,FALSE,TRUE,"beef",FALSE,1257
"675",2.32491349159101,FALSE,FALSE,"missing",FALSE,652
"676",2.37491163119512,FALSE,TRUE,"black bean",FALSE,1389
"677",2.37491163119512,FALSE,FALSE,"beef barley",FALSE,699
"678",1.31255116088704,TRUE,TRUE,"chicken noodle",FALSE,1503
"679",1.87493023515404,FALSE,FALSE,"pasta & bean",FALSE,900
"680",1.87493023515404,FALSE,FALSE,"black bean",FALSE,239
"681",2.37491163119512,FALSE,TRUE,"black bean",FALSE,1262
"682",2.37491163119512,FALSE,TRUE,"missing",FALSE,1269
"683",5.74978605447239,TRUE,TRUE,"chicken",FALSE,1478
"684",2.37491163119512,FALSE,TRUE,"french onion",FALSE,1297
"685",3.99985116832862,FALSE,FALSE,"vegetable",FALSE,721
"686",3.99985116832862,TRUE,FALSE,"chicken",FALSE,722
"687",0.749972094061616,TRUE,FALSE,"chicken noodle",FALSE,790
"688",0.749972094061616,FALSE,FALSE,"split pea",FALSE,791
"689",1.87493023515404,FALSE,FALSE,"minestrone",FALSE,33
"690",3.99985116832862,FALSE,FALSE,"beef",FALSE,592
"691",5.99977675249293,TRUE,FALSE,"chicken",FALSE,684
"692",1.87493023515404,FALSE,FALSE,"missing",FALSE,355
"693",1.87493023515404,FALSE,FALSE,"lobster bisque",FALSE,45
"694",1.31255116088704,TRUE,TRUE,"chicken and stars",FALSE,1496
"695",2.34991256139306,FALSE,FALSE,"pepper steak",FALSE,493
"696",2.34991256139306,FALSE,TRUE,"beef",FALSE,1258
"697",0.56257906682542,TRUE,TRUE,"chicken",FALSE,1545
"698",2.32491349159101,TRUE,TRUE,"chicken noodle",FALSE,1404
"699",2.37491163119512,FALSE,TRUE,"vegetable beef",FALSE,1455
"700",2.34991256139306,FALSE,TRUE,"beef",FALSE,1386
"701",2.32491349159101,TRUE,TRUE,"chicken noodle",FALSE,1408
"702",2.37491163119512,FALSE,TRUE,"sirloin burger & veg",FALSE,1450
"703",4.12484651733889,FALSE,FALSE,"borscht",FALSE,826
"704",0.374986047030808,TRUE,FALSE,"chicken",FALSE,268
"705",3.249879074267,FALSE,TRUE,"tomato",TRUE,1370
"706",1.906129074267,FALSE,FALSE,"missing",FALSE,642
"707",2.37491163119512,FALSE,TRUE,"wedding",FALSE,1464
"708",1.99992558416431,FALSE,FALSE,"missing",FALSE,714
"709",2.34991256139306,FALSE,TRUE,"new england clamchw",FALSE,1438
"710",1.31255116088704,TRUE,TRUE,"chicken and stars",FALSE,1495
"711",1.31255116088704,TRUE,TRUE,"chicken o noodle",FALSE,1498
"712",1.34375,FALSE,FALSE,"missing",FALSE,697
"713",1.34375,FALSE,FALSE,"lentil",FALSE,698
"714",0.187593019794612,FALSE,FALSE,"beef",FALSE,932
"715",2.37491163119512,FALSE,TRUE,"chickarina",FALSE,1271
"716",3.28107791337997,FALSE,FALSE,"vegetable",FALSE,400
"717",0.156194188123233,FALSE,TRUE,"onion",FALSE,1554
"718",0.141194746242,TRUE,FALSE,"chicken",FALSE,968
"719",0.298788882274148,FALSE,FALSE,"creamy mushroom",FALSE,782
"720",9.49964652478047,TRUE,FALSE,"chicken meatball",FALSE,160
"721",1.34375,FALSE,FALSE,"pizza",FALSE,620
"722",0.612577206429528,FALSE,FALSE,"ring noodle",FALSE,1120
"723",1.81253255692811,FALSE,FALSE,"chck brth w rstd grl",FALSE,10
"724",5.99977675249293,FALSE,FALSE,"beef",FALSE,956
"725",1.34375,FALSE,FALSE,"minestrone",FALSE,546
"726",1.31255116088704,TRUE,TRUE,"chicken o noodle",FALSE,1497
"727",1.31255116088704,FALSE,TRUE,"cream of celery",FALSE,1491
"728",3.99985116832862,FALSE,FALSE,"beef",FALSE,23
"729",3.79985860991219,TRUE,FALSE,"chicken",FALSE,337
"730",1.34375,FALSE,FALSE,"french onion",FALSE,5
"731",1.87493023515404,FALSE,FALSE,"onion",FALSE,756
"732",2.31251395296919,TRUE,FALSE,"chicken vegetable",FALSE,222
"733",2.32491349159101,FALSE,TRUE,"missing",FALSE,1302
"734",3.249879074267,TRUE,FALSE,"chicken & rice",FALSE,405
"735",3.249879074267,FALSE,TRUE,"cream of mushroom",FALSE,1508
"736",0.499981396041077,FALSE,TRUE,"beef",FALSE,1565
"737",0.249990698020539,FALSE,FALSE,"vegetable",FALSE,123
"738",0.249990698020539,FALSE,FALSE,"onion",FALSE,850
"739",1.87493023515404,FALSE,FALSE,"missing",FALSE,1201
"740",1.34375,FALSE,FALSE,"lobster bisque",FALSE,1
"741",1.34375,FALSE,FALSE,"vichyssoise",FALSE,4
"742",1.87493023515404,FALSE,FALSE,"5 bean barley",FALSE,1223
"743",2.37491163119512,FALSE,TRUE,"manhattan clamchowdr",FALSE,1306
"744",0.749972094061616,FALSE,FALSE,"lentil",FALSE,788
"745",0.999962792082155,FALSE,FALSE,"louisiana gumbo",FALSE,982
"746",0.224991628218485,FALSE,FALSE,"missing",FALSE,1137
"747",0.499981396041077,FALSE,FALSE,"teriyaki",FALSE,288
"748",0.199992558416431,FALSE,FALSE,"missing",FALSE,907
"749",2.49990698020539,FALSE,FALSE,"cajun 15 bean",FALSE,960
"750",0.374986047030808,FALSE,FALSE,"beef",FALSE,269
"751",0.374986047030808,FALSE,FALSE,"pork",FALSE,270
"752",0.374986047030808,FALSE,FALSE,"oriental",FALSE,271
"753",0.374986047030808,TRUE,FALSE,"picante chicken ndl",FALSE,277
"754",1.31255116088704,FALSE,FALSE,"scotch broth",FALSE,1041
"755",1.34375,FALSE,FALSE,"vegetable beef",FALSE,392
"756",2.37491163119512,FALSE,TRUE,"new england clamchw",FALSE,1434
"757",1.99992558416431,FALSE,FALSE,"missing",FALSE,532
"758",1.81253255692811,FALSE,FALSE,"french onion",FALSE,859
"759",1.87493023515404,TRUE,FALSE,"chicken & rice",FALSE,961
"760",1.87493023515404,FALSE,FALSE,"split pea & carrot",FALSE,94
"761",1.99992558416431,FALSE,FALSE,"potato leek",FALSE,923
"762",1.99992558416431,FALSE,FALSE,"french onion",FALSE,710
"763",1.87493023515404,FALSE,FALSE,"hearty vegetable",FALSE,34
"764",1.87493023515404,FALSE,FALSE,"vegetarian vegetable",FALSE,35
"765",1.87493023515404,TRUE,FALSE,"chicken pasta",FALSE,32
"766",1.99992558416431,FALSE,FALSE,"missing",FALSE,927
"767",1.87493023515404,FALSE,FALSE,"potato leek",FALSE,83
"768",1.76253441732401,FALSE,FALSE,"missing",FALSE,310
"769",1.81253255692811,FALSE,FALSE,"cream of tomato",TRUE,315
"770",1.81253255692811,FALSE,FALSE,"cream of tomato",TRUE,296
"771",1.81253255692811,FALSE,TRUE,"cream of mushroom",FALSE,1413
"772",1.81253255692811,TRUE,TRUE,"chicken noodle",FALSE,1399
"773",1.87493023515404,FALSE,FALSE,"pasta & bean",FALSE,862
"774",0.0999962792082155,FALSE,FALSE,"missing",FALSE,841
"775",5.37480000744158,FALSE,FALSE,"tomato",TRUE,1057
"776",0.999962792082155,FALSE,FALSE,"beef",FALSE,946
"777",1.906129074267,FALSE,FALSE,"missing",FALSE,693
"778",1.81253255692811,FALSE,FALSE,"country garden",FALSE,860
"779",1.34375,FALSE,FALSE,"sirloin burger & veg",FALSE,386
"780",0.424984186634916,FALSE,TRUE,"beef",FALSE,1561
"781",0.281189537133502,TRUE,FALSE,"chicken",FALSE,776
"782",1.49994418812323,FALSE,TRUE,"broccoli and cheese",FALSE,1263
"783",5.37480000744158,TRUE,FALSE,"creamy chicken",FALSE,1058
"784",1.87493023515404,FALSE,FALSE,"chili beef",FALSE,349
"785",1.34375,FALSE,FALSE,"missing",FALSE,672
"786",2.37491163119512,FALSE,TRUE,"missing",FALSE,1272
"787",1.74993488614377,FALSE,FALSE,"minestrone",FALSE,354
"788",2.37491163119512,TRUE,TRUE,"chicken noodle",FALSE,1402
"789",2.34991256139306,TRUE,FALSE,"chicken brcli cheese",FALSE,650
"790",2.32491349159101,FALSE,FALSE,"beef and mushroom",FALSE,653
"791",0.374986047030808,FALSE,FALSE,"oriental",FALSE,768
"792",1.34375,TRUE,FALSE,"chicken vegetable",FALSE,406
"793",1.99992558416431,FALSE,FALSE,"cream of broccoli",FALSE,921
"794",1.99992558416431,FALSE,FALSE,"tomato",TRUE,924
"795",1.31255116088704,FALSE,FALSE,"cabbage",FALSE,748
"796",2.99988837624646,FALSE,TRUE,"cream of mushroom",FALSE,1357
"797",1.906129074267,FALSE,FALSE,"lentil",FALSE,149
"798",3.99985116832862,FALSE,TRUE,"beef",FALSE,1468
"799",2.37491163119512,FALSE,TRUE,"lentil",FALSE,1428
"800",1.87493023515404,FALSE,FALSE,"salmon bisque",FALSE,943
"801",1.34375,TRUE,FALSE,"chicken noodle",FALSE,599
"802",0.352586880488168,TRUE,FALSE,"chicken",FALSE,132
"803",2.99988837624646,FALSE,TRUE,"tomato",TRUE,1369
"804",2.32491349159101,TRUE,TRUE,"chicken noodle",FALSE,1407
"805",0.999962792082155,TRUE,FALSE,"chicken",FALSE,945
"806",2.31251395296919,FALSE,FALSE,"meatball",FALSE,224
"807",2.37491163119512,FALSE,TRUE,"southwest vegetable",FALSE,1326
"808",2.37491163119512,FALSE,TRUE,"minestrone",FALSE,1430
"809",2.37491163119512,FALSE,TRUE,"vegetable",FALSE,1457
"810",2.37491163119512,FALSE,TRUE,"country vegetable",FALSE,1414
"811",1.34375,FALSE,TRUE,"minestrone",FALSE,1517
"812",2.37491163119512,FALSE,TRUE,"vegetable",FALSE,1459
"813",0.749972094061616,FALSE,FALSE,"minestrone",FALSE,836
"814",1.31255116088704,TRUE,TRUE,"chicken and stars",FALSE,1494
"815",1.81253255692811,FALSE,TRUE,"new england clamchw",FALSE,1518
"816",1.31255116088704,FALSE,FALSE,"minestrone",FALSE,983
"817",2.34991256139306,FALSE,TRUE,"new england clamchw",FALSE,1437
"818",1.87493023515404,FALSE,FALSE,"black bean vegetable",FALSE,96
"819",1.76253441732401,TRUE,FALSE,"chicken noodle",FALSE,298
"820",1.87493023515404,FALSE,FALSE,"missing",FALSE,99
"821",1.81253255692811,FALSE,FALSE,"black bean vegetable",FALSE,299
"822",1.81253255692811,FALSE,FALSE,"missing",FALSE,316
"823",0.23759115939872,FALSE,FALSE,"onion",FALSE,1121
"824",0.262590229200774,FALSE,FALSE,"vegetable",FALSE,336
"825",0.281189537133502,FALSE,FALSE,"missing",FALSE,266
"826",2.99988837624646,FALSE,FALSE,"matza ball",FALSE,813
"827",2.99988837624646,FALSE,FALSE,"matza ball",FALSE,1098
"828",2.99988837624646,FALSE,FALSE,"matza ball",FALSE,829
"829",4.12484651733889,FALSE,FALSE,"borscht",FALSE,39
"830",2.99988837624646,FALSE,FALSE,"matza ball",FALSE,38
"831",1.31255116088704,FALSE,FALSE,"lentil",FALSE,985
"832",1.34375,FALSE,TRUE,"cheddar cheese",FALSE,1349
"833",3.99985116832862,FALSE,FALSE,"borscht",FALSE,814
"834",1.31255116088704,FALSE,TRUE,"minestrone",FALSE,1363
"835",1.31255116088704,FALSE,TRUE,"cream of mushroom",FALSE,1512
"836",2.99988837624646,TRUE,TRUE,"chicken",FALSE,1470
"837",1.31255116088704,FALSE,TRUE,"vegetable",FALSE,1533
"838",0.524980465843131,TRUE,FALSE,"chicken",FALSE,332
"839",1.87493023515404,FALSE,FALSE,"lentil",FALSE,899
"840",1.99992558416431,FALSE,FALSE,"creamy buternut sqsh",FALSE,922
"841",1.87493023515404,FALSE,FALSE,"14 garden vegetable",FALSE,89
"842",1.87493023515404,FALSE,FALSE,"5 bean vegetable",FALSE,92
"843",1.87493023515404,FALSE,FALSE,"lentil carrot",FALSE,95
"844",2.37491163119512,FALSE,FALSE,"missing",FALSE,44
"845",1.81253255692811,FALSE,FALSE,"missing",FALSE,1245
"846",1.78753348712606,FALSE,FALSE,"vegetable",FALSE,312
"847",1.81253255692811,FALSE,TRUE,"lentil",FALSE,1304
"848",1.76253441732401,FALSE,FALSE,"vegetable barley",FALSE,303
"849",1.87493023515404,FALSE,FALSE,"split pea",FALSE,80
"850",1.906129074267,TRUE,FALSE,"classic chicken ndl",FALSE,692
"851",3.249879074267,TRUE,TRUE,"chicken noodle",FALSE,1500
"852",1.31255116088704,TRUE,FALSE,"chicken matzo ball",FALSE,820
"853",1.87493023515404,FALSE,FALSE,"minestrone",FALSE,90
"854",2.34991256139306,FALSE,FALSE,"missing",FALSE,663
"855",2.34991256139306,FALSE,FALSE,"missing",FALSE,703
"856",2.34991256139306,FALSE,FALSE,"beef stroganoff",FALSE,664
"857",2.34991256139306,FALSE,FALSE,"beef stew",FALSE,662
"858",0.287589299002828,FALSE,FALSE,"beef",FALSE,1021
"859",1.34375,FALSE,FALSE,"vegetable",FALSE,388
"860",1.40614767822593,FALSE,FALSE,"fiesta chili bf w/bn",FALSE,1042
"861",2.37491163119512,TRUE,TRUE,"chicken noodle",FALSE,1401
"862",4.12484651733889,FALSE,FALSE,"borscht",FALSE,827
"863",2.34991256139306,FALSE,FALSE,"missing",FALSE,539
"864",1.34375,FALSE,TRUE,"cream of broccoli",FALSE,1484
"865",2.37491163119512,TRUE,TRUE,"chicken noodle",FALSE,1403
"866",2.32491349159101,FALSE,TRUE,"vegetable",FALSE,1461
"867",0.224991628218485,FALSE,FALSE,"leek",FALSE,328
"868",1.99992558416431,FALSE,FALSE,"missing",FALSE,543
"869",0.999962792082155,FALSE,FALSE,"clam",FALSE,1219
"870",1.31255116088704,TRUE,FALSE,"chicken",FALSE,830
"871",0.424984186634916,FALSE,FALSE,"missing",FALSE,129
"872",1.87493023515404,FALSE,FALSE,"vegetable beef",FALSE,1032
"873",1.68753720791784,TRUE,FALSE,"chicken",FALSE,1134
"874",1.34375,TRUE,FALSE,"chicken & rice",FALSE,485
"875",1.31255116088704,FALSE,FALSE,"burger",FALSE,644
"876",2.37491163119512,FALSE,FALSE,"bean and ham",FALSE,389
"877",1.91252883613633,FALSE,FALSE,"missing",FALSE,638
"878",1.31255116088704,FALSE,FALSE,"mushroom",FALSE,747
"879",1.34375,TRUE,FALSE,"chicken matzo ball",FALSE,759
"880",4.12484651733889,FALSE,FALSE,"borscht",FALSE,755
"881",1.76253441732401,FALSE,FALSE,"mushroom",FALSE,894
"882",0.156194188123233,FALSE,FALSE,"cream of broccoli",FALSE,248
"883",7.49972094061616,FALSE,FALSE,"new england clamchw",FALSE,1238
"884",0.112595810388451,FALSE,FALSE,"spring vegetable",FALSE,334
"885",0.749972094061616,FALSE,FALSE,"split pea",FALSE,833
"886",0.749972094061616,FALSE,FALSE,"vegetable mushroom",FALSE,870
"887",0.749972094061616,FALSE,FALSE,"vegetable mushroom",FALSE,832
"888",0.749972094061616,FALSE,FALSE,"minestrone",FALSE,737
"889",1.87493023515404,FALSE,FALSE,"manhattan clamchowdr",FALSE,320
"890",2.37491163119512,FALSE,TRUE,"vegetable",FALSE,1460
"891",6.24976745051347,FALSE,FALSE,"new england clamchw",FALSE,435
"892",2.32491349159101,FALSE,FALSE,"meatball",FALSE,651
"893",0.999962792082155,FALSE,FALSE,"turkey",FALSE,1151
"894",1.87493023515404,FALSE,FALSE,"missing",FALSE,757
"895",1.87493023515404,FALSE,FALSE,"lentil",FALSE,78
"896",1.87493023515404,FALSE,FALSE,"minestrone",FALSE,79
"897",1.87493023515404,FALSE,FALSE,"missing",FALSE,100
"898",3.99985116832862,FALSE,FALSE,"vegetable",FALSE,1154
"899",0.327587810686114,FALSE,FALSE,"beef",FALSE,1003
"900",0.512580927221313,TRUE,FALSE,"roast chicken",FALSE,290
"901",0.416184514064593,FALSE,FALSE,"vegetable",FALSE,62
"902",1.34375,FALSE,FALSE,"beef & vegetable",FALSE,387
"903",0.374986047030808,FALSE,FALSE,"shrimp",FALSE,274
"904",3.99985116832862,FALSE,FALSE,"vegetable",FALSE,726
"905",3.99985116832862,FALSE,TRUE,"tomato bisque",TRUE,1329
"906",3.99985116832862,FALSE,FALSE,"vegetable",FALSE,1110
"907",1.34375,FALSE,FALSE,"madrilene",FALSE,8
"908",1.87493023515404,FALSE,FALSE,"cream of crab",FALSE,963
"909",3.99985116832862,FALSE,FALSE,"turkey",FALSE,21
"910",3.99985116832862,TRUE,FALSE,"chicken",FALSE,22
"911",0.56257906682542,TRUE,TRUE,"chicken noodle",FALSE,1547
"912",1.31255116088704,FALSE,FALSE,"red snapper",FALSE,804
"913",0.931165351986903,FALSE,FALSE,"beef & vegetable",FALSE,996
"914",0.327587810686114,TRUE,FALSE,"chicken",FALSE,1004
"915",1.87493023515404,FALSE,FALSE,"vegetable",FALSE,749
"916",1.87493023515404,FALSE,FALSE,"mushroom barley",FALSE,751
"917",1.87493023515404,FALSE,FALSE,"split pea and barley",FALSE,752
"918",16.1244000223247,FALSE,FALSE,"tomato",TRUE,1142
"919",1.34375,FALSE,TRUE,"vegetarian vegetable",FALSE,1528
"920",2.37491163119512,FALSE,FALSE,"cream of mushroom",FALSE,530
"921",1.31255116088704,TRUE,FALSE,"chicken dumpling",FALSE,454
"922",1.31255116088704,FALSE,TRUE,"cream of broccoli",FALSE,1482
"923",0.512580927221313,FALSE,FALSE,"tomato basil",TRUE,289
"924",2.32491349159101,FALSE,TRUE,"beef",FALSE,1383
"925",2.32491349159101,FALSE,TRUE,"sirloin burger",FALSE,1446
"926",2.37491163119512,FALSE,FALSE,"split pea",FALSE,1195
"927",1.74993488614377,FALSE,FALSE,"lemon grass",FALSE,764
"928",1.87493023515404,FALSE,FALSE,"missing",FALSE,43
"929",3.99985116832862,FALSE,FALSE,"missing",FALSE,912
"930",3.99985116832862,FALSE,FALSE,"missing",FALSE,913
"931",1.76253441732401,FALSE,FALSE,"missing",FALSE,306
"932",2.37491163119512,FALSE,FALSE,"savory lentil",FALSE,1193
"933",3.99985116832862,FALSE,TRUE,"beef",FALSE,1465
"934",1.81253255692811,FALSE,FALSE,"tomato bisque",TRUE,309
"935",2.37491163119512,FALSE,TRUE,"pasta fagioli",FALSE,1316
"936",2.37491163119512,FALSE,TRUE,"tomato florentine",TRUE,1328
"937",2.99988837624646,FALSE,FALSE,"missing",FALSE,1060
"938",1.31255116088704,TRUE,TRUE,"chicken & rice",FALSE,1507
"939",0.624976745051347,TRUE,FALSE,"chicken noodle",FALSE,1101
"940",0.374986047030808,FALSE,FALSE,"roast beef",FALSE,276
"941",0.374986047030808,TRUE,FALSE,"chicken mushroom",FALSE,275
"942",0.112595810388451,FALSE,FALSE,"spring vegetable",FALSE,330
"943",0.374986047030808,FALSE,FALSE,"mushroom",FALSE,272
"944",4.99981396041078,FALSE,TRUE,"vegetable",FALSE,1556
"945",2.99988837624646,TRUE,FALSE,"chicken and pasta",FALSE,1059
"946",16.1244000223247,TRUE,FALSE,"chicken noodle",FALSE,1141
"947",2.37491163119512,FALSE,TRUE,"seafood chowder",FALSE,1444
"948",2.31251395296919,FALSE,TRUE,"new england clamchw",FALSE,1435
"949",2.32491349159101,TRUE,TRUE,"chicken noodle",FALSE,1406
"950",2.37491163119512,FALSE,TRUE,"lobster bisque",FALSE,1425
"951",2.37491163119512,FALSE,TRUE,"shrimp bisque",FALSE,1451
"952",0.937565113856229,FALSE,FALSE,"new england clamchw",FALSE,112
"953",1.34375,FALSE,TRUE,"vegetable",FALSE,1538
"954",3.99985116832862,FALSE,TRUE,"vegetable",FALSE,1479
"955",1.91252883613633,TRUE,FALSE,"chicken tortilla",FALSE,695
"956",0.56257906682542,FALSE,FALSE,"matza ball",FALSE,818
"957",3.99985116832862,FALSE,FALSE,"cream of mushroom",FALSE,917
"958",1.31255116088704,TRUE,FALSE,"chicken",FALSE,1099
"959",1.31255116088704,TRUE,FALSE,"chicken",FALSE,758
"960",1.81253255692811,FALSE,FALSE,"missing",FALSE,864
"961",1.81253255692811,TRUE,FALSE,"chicken & wild rice",FALSE,1254
"962",1.81253255692811,TRUE,FALSE,"chicken //egg noodle",FALSE,1255
"963",1.81253255692811,FALSE,FALSE,"vegetable",FALSE,1247
"964",0.999962792082155,FALSE,FALSE,"beef",FALSE,1149
"965",1.81253255692811,FALSE,FALSE,"french onion",FALSE,1252
"966",1.81253255692811,FALSE,FALSE,"creamy mushroom",FALSE,1251
"967",2.37491163119512,FALSE,FALSE,"missing",FALSE,1198
"968",5.99977675249293,TRUE,FALSE,"chicken",FALSE,685
"969",2.31251395296919,FALSE,TRUE,"new england clamchw",FALSE,1436
"970",2.37491163119512,FALSE,TRUE,"beef barley",FALSE,1259
"971",1.31255116088704,FALSE,FALSE,"pasta with meatball",FALSE,646
"972",3.99985116832862,TRUE,FALSE,"chicken",FALSE,920
"973",3.99985116832862,TRUE,FALSE,"chicken",FALSE,108
"974",3.99985116832862,TRUE,FALSE,"chicken",FALSE,1243
"975",1.34375,FALSE,TRUE,"cheddar cheese",FALSE,1492
"976",0.374986047030808,FALSE,FALSE,"chili",FALSE,273
"977",0.312588368804882,FALSE,FALSE,"ranch",FALSE,979
"978",7.49972094061616,FALSE,FALSE,"new england clamchw",FALSE,1239
"979",0.437583717815151,FALSE,FALSE,"eggdrop",FALSE,735
"980",0.999962792082155,FALSE,FALSE,"vegetable",FALSE,1150
"981",0.299988837624647,TRUE,FALSE,"cream of chicken",FALSE,126
"982",5.37480000744158,TRUE,FALSE,"chicken noodle",FALSE,624
"983",4.4998325643697,TRUE,FALSE,"chicken",FALSE,1143
"984",4.4998325643697,FALSE,FALSE,"beef",FALSE,1147
"985",0.749972094061616,FALSE,FALSE,"bean",FALSE,787
"986",0.374986047030808,TRUE,FALSE,"creamy chicken",FALSE,1017
"987",1.34375,FALSE,TRUE,"vegetable",FALSE,1536
"988",6.24976745051347,FALSE,FALSE,"tomato",TRUE,372
"989",6.24976745051347,TRUE,FALSE,"chicken noodle",FALSE,426
"990",2.37491163119512,FALSE,TRUE,"missing",FALSE,1267
"991",2.37491163119512,TRUE,TRUE,"chicken & rice",FALSE,1409
"992",0.512580927221313,TRUE,TRUE,"chicken",FALSE,1544
"993",3.79985860991219,FALSE,FALSE,"beef",FALSE,338
"994",1.81253255692811,FALSE,FALSE,"minestrone",FALSE,1246
"995",1.81253255692811,FALSE,FALSE,"old fashioned potato",FALSE,1248
"996",1.81253255692811,FALSE,FALSE,"creamy buternut sqsh",FALSE,1249
"997",1.81253255692811,FALSE,FALSE,"missing",FALSE,308
"998",1.81253255692811,FALSE,FALSE,"spicy bean",FALSE,1250
"999",1.81253255692811,FALSE,FALSE,"tomato basil",TRUE,1244
"1000",8.99966512873939,TRUE,FALSE,"creamy chicken",FALSE,295
"1001",0.749972094061616,FALSE,FALSE,"split pea and barley",FALSE,834
"1002",1.34375,TRUE,FALSE,"classic chicken ndl",FALSE,479
"1003",0.374986047030808,TRUE,FALSE,"chicken mushroom",FALSE,771
"1004",0.999962792082155,FALSE,FALSE,"vegetable",FALSE,947
"1005",1.31255116088704,FALSE,FALSE,"pepper pot",FALSE,807
"1006",1.31255116088704,TRUE,TRUE,"chicken noodle",FALSE,1502
"1007",1.31255116088704,TRUE,FALSE,"curly chicken noodle",FALSE,453
"1008",2.37491163119512,FALSE,TRUE,"french onion",FALSE,1416
"1009",1.34375,FALSE,TRUE,"tomato",TRUE,1524
"1010",1.34375,FALSE,FALSE,"itln wdng mtbll spnc",FALSE,696
"1011",3.99985116832862,FALSE,FALSE,"creamy broccoli",FALSE,914
"1012",1.87493023515404,FALSE,FALSE,"minestrone",FALSE,72
"1013",1.87493023515404,FALSE,FALSE,"minestrone",FALSE,742
"1014",1.34375,FALSE,TRUE,"vegetarian vegetable",FALSE,1527
"1015",3.99985116832862,FALSE,FALSE,"egg",FALSE,250
"1016",4.12484651733889,FALSE,FALSE,"schav",FALSE,825
"1017",0.749972094061616,FALSE,FALSE,"barley lima bean",FALSE,835
"1018",1.76253441732401,FALSE,FALSE,"vegetable",FALSE,893
"1019",1.76253441732401,TRUE,FALSE,"chicken",FALSE,895
"1020",1.76253441732401,TRUE,FALSE,"chicken",FALSE,934
"1021",4.12484651733889,FALSE,FALSE,"borscht",FALSE,828
"1022",1.87493023515404,FALSE,FALSE,"split pea bacon",FALSE,1136
"1023",1.81253255692811,TRUE,FALSE,"lemon herb chicken",FALSE,13
"1024",3.99985116832862,FALSE,FALSE,"french onion",FALSE,709
"1025",2.31251395296919,FALSE,TRUE,"new england clamchw",FALSE,1312
"1026",0.374986047030808,TRUE,FALSE,"cajun chicken",FALSE,1090
"1027",0.499981396041077,TRUE,FALSE,"chicken",FALSE,287
"1028",1.74993488614377,FALSE,FALSE,"missing",FALSE,547
"1029",0.187593019794612,FALSE,FALSE,"missing",FALSE,1108
"1030",2.37491163119512,TRUE,TRUE,"chicken noodle",FALSE,1400
"1031",2.37491163119512,FALSE,TRUE,"missing",FALSE,1463
"1032",1.31255116088704,TRUE,FALSE,"chicken noodle",FALSE,144
"1033",1.87493023515404,FALSE,FALSE,"manhattan clamchowdr",FALSE,1156
"1034",2.37491163119512,FALSE,TRUE,"beef",FALSE,1381
"1035",1.87493023515404,FALSE,FALSE,"tomato and garlic",TRUE,942
"1036",1.87493023515404,FALSE,FALSE,"tomato vegetable",TRUE,93
"1037",3.99985116832862,TRUE,TRUE,"chicken vegetable",FALSE,1273
"1038",0.362586508408989,FALSE,FALSE,"cheddar broccoli",FALSE,1215
"1039",0.374986047030808,TRUE,FALSE,"chicken vegetable",FALSE,1131
"1040",0.374986047030808,FALSE,FALSE,"missing",FALSE,1089
"1041",6.49975814853401,FALSE,FALSE,"minestrone",FALSE,413
"1042",2.37491163119512,FALSE,FALSE,"lentil and pasta",FALSE,185
"1043",1.87493023515404,FALSE,FALSE,"mushroom barley",FALSE,743
"1044",1.87493023515404,FALSE,FALSE,"vegetable beef",FALSE,104
"1045",2.34991256139306,FALSE,FALSE,"tomato chese ravioli",TRUE,506
"1046",0.343787207917845,FALSE,FALSE,"onion",FALSE,867
"1047",1.87493023515404,FALSE,FALSE,"lobster bisque",FALSE,120
"1048",2.31251395296919,FALSE,FALSE,"roasted potato garlc",FALSE,179
"1049",6.18736977228754,TRUE,FALSE,"chicken",FALSE,465
"1050",1.68753720791784,FALSE,FALSE,"beef",FALSE,1145
"1051",1.87493023515404,FALSE,FALSE,"new england clamchw",FALSE,121
"1052",1.99992558416431,TRUE,FALSE,"chicken vegetable",FALSE,469
"1053",1.87493023515404,FALSE,FALSE,"black bean",FALSE,1205
"1054",1.87493023515404,FALSE,FALSE,"lentil",FALSE,1206
"1055",1.81253255692811,FALSE,TRUE,"lentil",FALSE,1426
"1056",2.34991256139306,FALSE,TRUE,"new england clamchw",FALSE,1439
"1057",2.37491163119512,FALSE,TRUE,"minestrone",FALSE,1431
"1058",2.32491349159101,TRUE,FALSE,"chicken & wild rice",FALSE,1191
"1059",1.37494883911296,FALSE,FALSE,"black bean",FALSE,6
"1060",1.76253441732401,FALSE,FALSE,"minestrone",FALSE,317
"1061",2.24991628218485,TRUE,FALSE,"chicken & vegetable",FALSE,779
"1062",3.99985116832862,FALSE,FALSE,"vegetable",FALSE,109
"1063",1.87493023515404,FALSE,FALSE,"potato leek",FALSE,75
"1064",1.78113372525673,FALSE,FALSE,"beef",FALSE,85
"1065",0.312588368804882,FALSE,FALSE,"curry lentil",FALSE,905
"1066",0.199992558416431,FALSE,FALSE,"beef barley",FALSE,911
"1067",0.212592089596666,FALSE,FALSE,"missing",FALSE,842
"1068",0.249990698020539,FALSE,FALSE,"spring onion",FALSE,1227
"1069",0.249990698020539,FALSE,FALSE,"missing",FALSE,1229
"1070",3.99985116832862,TRUE,FALSE,"chicken",FALSE,929
"1071",1.87493023515404,FALSE,FALSE,"pumpkin squash potat",FALSE,1203
"1072",2.32491349159101,FALSE,TRUE,"missing",FALSE,1424
"1073",35.9986605149576,TRUE,FALSE,"chicken matzo ball",FALSE,1100
"1074",0.56257906682542,FALSE,FALSE,"matza ball",FALSE,874
"1075",0.999962792082155,TRUE,FALSE,"chicken",FALSE,1148
"1076",3.99985116832862,FALSE,FALSE,"mushroom",FALSE,706
"1077",0.249990698020539,FALSE,FALSE,"thai ginger",FALSE,1226
"1078",0.249990698020539,FALSE,FALSE,"garlic and vegetable",FALSE,1230
"1079",1.99992558416431,TRUE,FALSE,"chicken",FALSE,926
"1080",1.68753720791784,FALSE,FALSE,"shrimp",FALSE,1133
"1081",1.87493023515404,FALSE,TRUE,"potato leek",FALSE,1318
"1082",1.78113372525673,FALSE,FALSE,"wonton",FALSE,783
"1083",0.624976745051347,FALSE,FALSE,"missing",FALSE,824
"1084",0.56257906682542,TRUE,FALSE,"chicken matzo ball",FALSE,831
"1085",1.76253441732401,FALSE,FALSE,"missing",FALSE,304
"1086",2.99988837624646,FALSE,FALSE,"country vegetable",FALSE,1180
"1087",0.212592089596666,TRUE,FALSE,"chicken noodle",FALSE,980
"1088",0.30878851019497,FALSE,FALSE,"beef and tomato",TRUE,1211
"1089",0.30878851019497,FALSE,FALSE,"vegetable beef",FALSE,1210
"1090",0.30878851019497,TRUE,FALSE,"chicken noodle",FALSE,1208
"1091",0.30878851019497,FALSE,FALSE,"beef",FALSE,1209
"1092",0.56257906682542,FALSE,TRUE,"noodle",FALSE,1548
"1093",1.99992558416431,TRUE,FALSE,"chicken",FALSE,1008
"1094",0.349986977228754,FALSE,FALSE,"beef noodle",FALSE,130
"1095",1.31255116088704,TRUE,FALSE,"chicken",FALSE,819
"1096",2.37491163119512,FALSE,TRUE,"missing",FALSE,1423
"1097",1.87493023515404,FALSE,FALSE,"black bean",FALSE,119
"1098",1.68753720791784,TRUE,FALSE,"roast chicken",FALSE,291
"1099",1.68753720791784,FALSE,FALSE,"shrimp",FALSE,1013
"1100",2.32491349159101,TRUE,TRUE,"chicken noodle",FALSE,1405
"1101",1.99992558416431,FALSE,FALSE,"beef",FALSE,1009
"1102",0.674974884655455,FALSE,FALSE,"miso",FALSE,1220
"1103",0.662575346033636,FALSE,FALSE,"udon noodle",FALSE,1221
"1104",1.31255116088704,FALSE,FALSE,"lobster bisque",FALSE,785
"1105",1.906129074267,FALSE,TRUE,"beef country veg",FALSE,1260
"1106",3.249879074267,TRUE,TRUE,"chicken noodle",FALSE,1501
"1107",0.168793719303468,FALSE,FALSE,"onion",FALSE,1104
"1108",2.32491349159101,FALSE,TRUE,"missing",FALSE,1442
"1109",1.37494883911296,FALSE,FALSE,"corn chowder",FALSE,7
"1110",0.499981396041077,TRUE,TRUE,"chicken",FALSE,1569
"1111",1.76253441732401,FALSE,FALSE,"corn chowder",FALSE,311
"1112",0.352586880488168,FALSE,FALSE,"missing",FALSE,774
"1113",0.352586880488168,FALSE,FALSE,"missing",FALSE,775
"1114",2.37491163119512,FALSE,TRUE,"lentil",FALSE,1427
"1115",1.906129074267,TRUE,TRUE,"chicken dumpling",FALSE,1276
"1116",1.906129074267,FALSE,TRUE,"sirloin burger & veg",FALSE,1324
"1117",2.34991256139306,TRUE,TRUE,"chicken dumpling",FALSE,1396
"1118",2.32491349159101,FALSE,TRUE,"beef",FALSE,1382
"1119",1.34375,FALSE,TRUE,"vegetable",FALSE,1537
"1120",0.999962792082155,FALSE,FALSE,"beef",FALSE,1218
"1121",3.99985116832862,FALSE,FALSE,"beef",FALSE,795
"1122",0.749972094061616,FALSE,FALSE,"split pea",FALSE,871
"1123",0.269989953862182,FALSE,FALSE,"missing",FALSE,1213
"1124",1.03616144515553,FALSE,FALSE,"minestrone",FALSE,238
"1125",0.749972094061616,FALSE,FALSE,"split pea",FALSE,736
"1126",0.174993488614377,FALSE,FALSE,"french onion",FALSE,1124
"1127",2.32491349159101,FALSE,TRUE,"vegetable",FALSE,1415
"1128",0.999962792082155,FALSE,FALSE,"vegetable",FALSE,951
"1129",3.99985116832862,FALSE,FALSE,"beef",FALSE,930
"1130",0.537579997023366,TRUE,FALSE,"chicken vegetable",FALSE,766
"1131",1.51254371930347,FALSE,FALSE,"split pea and barley",FALSE,733
"1132",0.468782556928114,FALSE,FALSE,"beef",FALSE,231
"1133",0.352586880488168,TRUE,FALSE,"chicken",FALSE,240
"1134",0.881167212382795,TRUE,FALSE,"chicken",FALSE,243
"1135",1.87493023515404,FALSE,FALSE,"clam chowder",FALSE,1096
"1136",0.999962792082155,FALSE,FALSE,"split pea",FALSE,343
"1137",0.247590787319542,TRUE,FALSE,"chicken veg noodle",FALSE,102
"1138",0.268789998511683,TRUE,FALSE,"chicken and tomato",TRUE,242
"1139",1.78753348712606,FALSE,FALSE,"missing",FALSE,313
"1140",0.299988837624647,FALSE,FALSE,"split pea",FALSE,908
"1141",0.249990698020539,FALSE,FALSE,"white bean and ham",FALSE,909
"1142",0.249990698020539,FALSE,FALSE,"curry",FALSE,1228
"1143",0.749972094061616,FALSE,FALSE,"barley lima bean",FALSE,1106
"1144",0.624976745051347,FALSE,FALSE,"minestrone vegetable",FALSE,872
"1145",0.749972094061616,FALSE,FALSE,"mushroom barley",FALSE,1086
"1146",0.749972094061616,FALSE,FALSE,"vegetable",FALSE,1087
"1147",3.99985116832862,FALSE,TRUE,"broccoli and cheese",FALSE,1264
"1148",0.141194746242,FALSE,FALSE,"beef",FALSE,967
"1149",1.87493023515404,FALSE,FALSE,"7 bean",FALSE,753
"1150",1.87493023515404,FALSE,FALSE,"minestrone",FALSE,750
"1151",0.624976745051347,TRUE,FALSE,"chicken",FALSE,734
"1152",0.749972094061616,FALSE,FALSE,"barley lima bean",FALSE,738
"1153",0.499981396041077,TRUE,FALSE,"chicken",FALSE,746
"1154",2.81249534901027,TRUE,FALSE,"chicken noodle",FALSE,1117
"1155",2.37491163119512,FALSE,TRUE,"sirloin burger",FALSE,1320
"1156",3.99985116832862,FALSE,FALSE,"sweet potato",FALSE,928
"1157",2.99988837624646,FALSE,FALSE,"matza ball",FALSE,37
"1158",0.559979163566007,FALSE,FALSE,"nodl w/rl chckn brth",FALSE,1127
"1159",0.262590229200774,FALSE,FALSE,"ranch",FALSE,1116
"1160",1.34375,FALSE,FALSE,"cream of broccoli",FALSE,1066
"1161",1.87493023515404,FALSE,FALSE,"tomato",TRUE,74
"1162",0.274989767822593,FALSE,FALSE,"spring vegetable",FALSE,131
"1163",1.31255116088704,FALSE,FALSE,"new england clamchw",FALSE,3
"1164",0.56257906682542,FALSE,FALSE,"matza ball",FALSE,873
"1165",2.49990698020539,FALSE,TRUE,"16 bean",FALSE,1558
"1166",1.99992558416431,FALSE,TRUE,"bean",FALSE,1542
"1167",0.537579997023366,FALSE,FALSE,"beef minestrone",FALSE,765
"1168",2.37491163119512,FALSE,TRUE,"missing",FALSE,1335
"1169",1.87493023515404,FALSE,FALSE,"clam chowder",FALSE,322
"1170",3.99985116832862,FALSE,FALSE,"seafood",FALSE,1155
"1171",1.87493023515404,FALSE,FALSE,"haddock chowder",FALSE,1135
"1172",1.09875911593987,FALSE,FALSE,"hearty three ben chl",FALSE,1002
"1173",0.174993488614377,TRUE,FALSE,"chicken noodle",FALSE,904
"1174",0.199992558416431,TRUE,FALSE,"chicken// veg //rice",FALSE,906
"1175",3.99985116832862,FALSE,FALSE,"cream of corn",FALSE,916
"1176",3.99985116832862,FALSE,FALSE,"potato leek",FALSE,1109
"1177",3.99985116832862,FALSE,FALSE,"garden vegetable",FALSE,793
"1178",2.37491163119512,FALSE,TRUE,"beef",FALSE,1256
"1179",0.453783115046882,FALSE,FALSE,"tomato and basil",TRUE,781
"1180",1.87493023515404,FALSE,FALSE,"potato",FALSE,754
"1181",2.34871260604257,TRUE,FALSE,"chicken noodle",FALSE,1189
"1182",1.31255116088704,FALSE,FALSE,"missing",FALSE,1240
"1183",0.499981396041077,FALSE,FALSE,"noodle",FALSE,869
"1184",1.05756064890609,FALSE,FALSE,"corn chowder",FALSE,981
"1185",0.0787970680160738,FALSE,FALSE,"sea weed",FALSE,246
"1186",1.87493023515404,FALSE,FALSE,"clam chowder",FALSE,40
"1187",1.37494883911296,FALSE,FALSE,"tomato",TRUE,936
"1188",1.37494883911296,FALSE,FALSE,"creamy buternut sqsh",FALSE,937
"1189",0.749972094061616,FALSE,FALSE,"garden",FALSE,342
"1190",2.34991256139306,FALSE,TRUE,"clam chowder",FALSE,1412
"1191",0.224991628218485,FALSE,FALSE,"leek",FALSE,1022
"1192",0.343787207917845,FALSE,FALSE,"onion",FALSE,876
"1193",1.76253441732401,FALSE,FALSE,"beef",FALSE,896
"1194",1.87493023515404,FALSE,FALSE,"missing",FALSE,1146
"1195",1.87493023515404,TRUE,FALSE,"chicken noodle",FALSE,740
"1196",1.81253255692811,FALSE,FALSE,"vegetable",FALSE,31
"1197",1.87493023515404,FALSE,FALSE,"lobster bisque",FALSE,324
"1198",2.32491349159101,TRUE,TRUE,"grilled chicken",FALSE,1419
"1199",2.37491163119512,TRUE,TRUE,"chicken tortilla",FALSE,1397
"1200",0.187593019794612,FALSE,FALSE,"vegetable",FALSE,933
"1201",1.31255116088704,FALSE,FALSE,"beef cabbage",FALSE,823
"1202",1.99992558416431,FALSE,FALSE,"minestrone",FALSE,1204
"1203",0.199992558416431,FALSE,FALSE,"hot & sour",FALSE,845
"1204",0.224991628218485,FALSE,FALSE,"cream of spinach",FALSE,331
"1205",1.87493023515404,FALSE,FALSE,"minestrone",FALSE,858
"1206",1.87493023515404,FALSE,FALSE,"lentil",FALSE,71
"1207",1.87493023515404,FALSE,FALSE,"split pea",FALSE,73
"1208",3.99985116832862,TRUE,FALSE,"vegetarian chicken",FALSE,918
"1209",0.749972094061616,FALSE,FALSE,"4 bean",FALSE,837
"1210",1.81253255692811,FALSE,TRUE,"garden vegetable",FALSE,1418
"1211",0.499981396041077,FALSE,FALSE,"noodle",FALSE,875
"1212",1.76253441732401,FALSE,FALSE,"butternut squash",FALSE,314
"1213",1.31255116088704,FALSE,FALSE,"crab",FALSE,797
"1214",0.537579997023366,FALSE,FALSE,"missing",FALSE,767
"1215",3.99985116832862,FALSE,FALSE,"missing",FALSE,792
"1216",1.906129074267,FALSE,TRUE,"new england clamchw",FALSE,1290
"1217",3.79985860991219,FALSE,FALSE,"vegetable",FALSE,339
"1218",0.424984186634916,FALSE,FALSE,"broccoli cheese rice",FALSE,1085
"1219",1.87493023515404,FALSE,FALSE,"new england clamchw",FALSE,323
"1220",1.87493023515404,FALSE,FALSE,"navy bean",FALSE,122
"1221",1.16255674207471,TRUE,FALSE,"chicken",FALSE,326
"1222",1.31255116088704,TRUE,FALSE,"chicken noodle",FALSE,821
"1223",3.99985116832862,FALSE,FALSE,"cream of tomato",TRUE,707
"1224",1.76253441732401,FALSE,FALSE,"tomato",TRUE,1231
"1225",1.76253441732401,FALSE,FALSE,"alphabet vegetable",FALSE,305
"1226",1.87493023515404,FALSE,FALSE,"black bean",FALSE,969
"1227",1.87493023515404,FALSE,FALSE,"vegetarian vegetable",FALSE,741
"1228",0.999962792082155,TRUE,FALSE,"chicken",FALSE,1217
"1229",0.0411984670337848,FALSE,FALSE,"japanese",FALSE,247
"1230",0.352586880488168,FALSE,FALSE,"beef",FALSE,241
"1231",1.68753720791784,FALSE,FALSE,"cheddar cheese",FALSE,292
"1232",1.81253255692811,FALSE,FALSE,"tomato bisque",TRUE,1019
"1233",1.99992558416431,FALSE,FALSE,"hearty minestrone",FALSE,553
"1234",1.99992558416431,FALSE,FALSE,"creamy tomato",TRUE,708
"1235",0.374986047030808,TRUE,FALSE,"roast chicken",FALSE,773
"1236",3.99985116832862,FALSE,FALSE,"vegetable",FALSE,931
"1237",0.999962792082155,FALSE,FALSE,"italian lentil",FALSE,1026
"1238",0.137594880190505,FALSE,FALSE,"tofu miso",FALSE,1010
"1239",0.174993488614377,FALSE,FALSE,"sesame miso",FALSE,846
"1240",1.87493023515404,FALSE,FALSE,"new england clamchw",FALSE,784
"1241",1.81253255692811,TRUE,TRUE,"chicken noodle",FALSE,1281
"1242",2.37491163119512,FALSE,FALSE,"creamy tomato",TRUE,1197
"1243",1.34375,FALSE,FALSE,"cream of broccoli",FALSE,9
"1244",1.87493023515404,FALSE,FALSE,"bean",FALSE,118
"1245",0.624976745051347,TRUE,FALSE,"chicken",FALSE,744
"1246",0.374986047030808,FALSE,FALSE,"picante beef noodle",FALSE,1132
"1247",0.207592275636255,FALSE,FALSE,"creamy potato w/brcl",FALSE,973
"1248",1.34375,TRUE,FALSE,"chicken & vegetable",FALSE,514
"1249",0.281189537133502,FALSE,FALSE,"missing",FALSE,1214
"1250",1.87493023515404,FALSE,FALSE,"missing",FALSE,101
"1251",0.511180979312398,FALSE,FALSE,"noodle",FALSE,978
"1252",0.167593763952969,FALSE,FALSE,"hot & sour",FALSE,1105
"1253",0.124995349010269,FALSE,FALSE,"eggdrop",FALSE,866
"1254",1.37494883911296,FALSE,FALSE,"gazpacho",FALSE,2
"1255",0.187593019794612,FALSE,FALSE,"beef",FALSE,800
"1256",2.32491349159101,FALSE,TRUE,"chunky beef",FALSE,1390
"1257",0.281189537133502,FALSE,FALSE,"alfredo",FALSE,267
"1258",6.24976745051347,FALSE,FALSE,"cream of mushroom",FALSE,428
"1259",3.28107791337997,FALSE,FALSE,"vegetable beef",FALSE,421
"1260",3.249879074267,FALSE,FALSE,"cream of mushroom",FALSE,527
"1261",3.28107791337997,FALSE,TRUE,"vegetable",FALSE,1380
"1262",2.34991256139306,FALSE,FALSE,"missing",FALSE,1077
"1263",1.34375,FALSE,FALSE,"tomato",TRUE,786
"1264",1.34375,FALSE,TRUE,"cream of potato",FALSE,1361
"1265",1.34375,FALSE,FALSE,"hearty vegetable",FALSE,481
"1266",2.34991256139306,FALSE,TRUE,"vegetable",FALSE,1334
"1267",1.34375,FALSE,FALSE,"cream of celery",FALSE,495
"1268",1.34375,FALSE,TRUE,"cream of mushroom",FALSE,1360
"1269",1.31255116088704,FALSE,TRUE,"double noodle",FALSE,1362
"1270",1.34375,FALSE,FALSE,"cream of onion",FALSE,445
"1271",1.31255116088704,FALSE,TRUE,"split pea and ham",FALSE,1367
"1272",0.249990698020539,FALSE,TRUE,"onion",FALSE,1551
"1273",1.34375,TRUE,FALSE,"chicken vegetable",FALSE,504
"1274",1.87493023515404,FALSE,FALSE,"bean and ham",FALSE,1034
"1275",1.81253255692811,TRUE,FALSE,"chicken pot pie",FALSE,1174
"1276",1.74993488614377,FALSE,FALSE,"beef",FALSE,548
"1277",3.99985116832862,FALSE,FALSE,"beef",FALSE,585
"1278",1.37494883911296,FALSE,FALSE,"fiesta nacho cheese",FALSE,1049
"1279",3.249879074267,FALSE,TRUE,"vegetable",FALSE,1377
"1280",3.249879074267,TRUE,TRUE,"cream of chicken",FALSE,1485
"1281",1.34375,FALSE,FALSE,"new england clamchw",FALSE,534
"1282",3.249879074267,TRUE,TRUE,"cream of chicken",FALSE,1344
"1283",6.49975814853401,FALSE,FALSE,"vegetable",FALSE,401
"1284",3.28107791337997,FALSE,TRUE,"vegetable",FALSE,1540
"1285",1.81253255692811,FALSE,FALSE,"old world minestrone",FALSE,1161
"1286",2.32491349159101,TRUE,TRUE,"chicken & rice",FALSE,1287
"1287",2.32491349159101,FALSE,TRUE,"missing",FALSE,1268
"1288",2.31251395296919,FALSE,TRUE,"minestrone",FALSE,1308
"1289",2.32491349159101,FALSE,TRUE,"vegetable",FALSE,1333
"1290",2.32491349159101,FALSE,TRUE,"sirloin burger",FALSE,1321
"1291",2.34871260604257,FALSE,TRUE,"new england clamchw",FALSE,1314
"1292",1.87493023515404,TRUE,FALSE,"roast chicken +",FALSE,1170
"1293",2.34991256139306,FALSE,TRUE,"vegetable beef",FALSE,1331
"1294",1.40614767822593,FALSE,TRUE,"split pea",FALSE,1368
"1295",1.34375,FALSE,FALSE,"beefy mushroom",FALSE,452
"1296",1.34375,FALSE,FALSE,"fiesta nacho cheese",FALSE,628
"1297",0.937565113856229,FALSE,FALSE,"bean and ham",FALSE,111
"1298",0.937565113856229,FALSE,FALSE,"potato cheese",FALSE,114
"1299",0.937565113856229,FALSE,FALSE,"vegetable beef",FALSE,110
"1300",0.937565113856229,TRUE,FALSE,"chicken noodle",FALSE,113
"1301",1.81253255692811,FALSE,FALSE,"new england clamchw",FALSE,1176
"1302",1.34375,FALSE,FALSE,"steak and potato",FALSE,376
"1303",1.40614767822593,FALSE,TRUE,"bean with bacon",FALSE,1339
"1304",1.81253255692811,TRUE,FALSE,"chicken egg noodle",FALSE,1169
"1305",1.31255116088704,FALSE,TRUE,"split pea and ham",FALSE,1520
"1306",1.31255116088704,FALSE,TRUE,"cream of broccoli",FALSE,1483
"1307",1.34375,FALSE,TRUE,"cream of potato",FALSE,1515
"1308",0.749972094061616,TRUE,FALSE,"chicken",FALSE,817
"1309",1.31255116088704,FALSE,TRUE,"vegetable beef",FALSE,1529
"1310",1.40614767822593,FALSE,TRUE,"bean bacon",FALSE,1481
"1311",2.37491163119512,FALSE,TRUE,"vegetable",FALSE,1458
"1312",1.31255116088704,FALSE,TRUE,"double noodle",FALSE,1516
"1313",2.32491349159101,FALSE,TRUE,"missing",FALSE,1417
"1314",2.32491349159101,FALSE,TRUE,"sirloin burger",FALSE,1448
"1315",2.32491349159101,TRUE,TRUE,"chicken //egg noodle",FALSE,1280
"1316",0.56257906682542,TRUE,TRUE,"chicken noodle",FALSE,1546
"1317",0.56257906682542,FALSE,TRUE,"nodl w/rl chckn brth",FALSE,1549
"1318",2.37491163119512,FALSE,FALSE,"bean and ham",FALSE,486
"1319",2.32491349159101,FALSE,FALSE,"missing",FALSE,615
"1320",1.31255116088704,FALSE,TRUE,"bean bacon",FALSE,1340
"1321",3.49986977228754,FALSE,FALSE,"bean bacon",FALSE,431
"1322",6.24976745051347,FALSE,FALSE,"cream of celery",FALSE,1040
"1323",1.31255116088704,FALSE,FALSE,"missing",FALSE,448
"1324",8.99966512873939,TRUE,FALSE,"chicken",FALSE,293
"1325",3.249879074267,TRUE,TRUE,"chicken noodle",FALSE,1499
"1326",1.81253255692811,FALSE,FALSE,"missing",FALSE,1172
"1327",1.81253255692811,FALSE,FALSE,"beef",FALSE,245
"1328",0.312588368804882,FALSE,FALSE,"onion",FALSE,115
"1329",0.209992186337253,FALSE,FALSE,"homestyle//vegetable",FALSE,1102
"1330",1.34375,FALSE,TRUE,"vegetable beefstock",FALSE,1373
"1331",2.34991256139306,FALSE,TRUE,"new england clamchw",FALSE,1440
"1332",1.34375,FALSE,TRUE,"vegetable beefstock",FALSE,1525
"1333",1.31255116088704,FALSE,TRUE,"vegetarian vegetable",FALSE,1526
"1334",2.34991256139306,FALSE,TRUE,"beef",FALSE,1385
"1335",2.32491349159101,TRUE,TRUE,"grilled chicken",FALSE,1420
"1336",1.31255116088704,TRUE,TRUE,"chicken & rice",FALSE,1505
"1337",1.87493023515404,FALSE,FALSE,"missing",FALSE,971
"1338",1.81253255692811,FALSE,FALSE,"vegetable beef",FALSE,1166
"1339",1.81253255692811,FALSE,FALSE,"beef barley",FALSE,1167
"1340",2.34991256139306,FALSE,TRUE,"vegetable",FALSE,1462
"1341",2.34991256139306,FALSE,TRUE,"vegetable beef",FALSE,1456
"1342",2.32491349159101,FALSE,TRUE,"missing",FALSE,1298
"1343",0.437583717815151,FALSE,FALSE,"original",FALSE,890
"1344",1.31255116088704,FALSE,TRUE,"vegetable",FALSE,1534
"1345",2.37491163119512,FALSE,FALSE,"hearty tomato",TRUE,1196
"1346",1.87493023515404,FALSE,FALSE,"black bean",FALSE,81
"1347",6.1247721015032,TRUE,FALSE,"chicken",FALSE,501
"1348",0.374986047030808,FALSE,FALSE,"picante beef noodle",FALSE,278
"1349",1.87493023515404,FALSE,FALSE,"navy bean",FALSE,26
"1350",6.37476279952374,TRUE,FALSE,"chicken vegetable",FALSE,1039
"1351",2.34991256139306,TRUE,TRUE,"chicken corn chowder",FALSE,1266
"1352",0.999962792082155,TRUE,FALSE,"gourmet chicken",FALSE,1184
"1353",2.32491349159101,FALSE,TRUE,"beef",FALSE,1384
"1354",2.37491163119512,TRUE,TRUE,"chicken",FALSE,1395
"1355",1.81253255692811,TRUE,FALSE,"chicken",FALSE,244
"1356",3.249879074267,TRUE,TRUE,"chicken & rice",FALSE,1355
"1357",1.81253255692811,FALSE,FALSE,"country vegetable",FALSE,1162
"1358",1.87493023515404,FALSE,FALSE,"mushroom barley",FALSE,84
"1359",0.249990698020539,FALSE,FALSE,"french onion",FALSE,1128
"1360",2.37491163119512,FALSE,FALSE,"beef noodle",FALSE,476
"1361",0.78117093317458,TRUE,FALSE,"chicken",FALSE,236
"1362",1.87493023515404,FALSE,FALSE,"baked potato",FALSE,357
"1363",1.87493023515404,FALSE,FALSE,"black bean",FALSE,97
"1364",1.87493023515404,FALSE,FALSE,"lentil",FALSE,98
"1365",3.249879074267,TRUE,TRUE,"chicken tortellini",FALSE,1277
"1366",3.249879074267,FALSE,TRUE,"pasta fagioli",FALSE,1317
"1367",0.281189537133502,FALSE,FALSE,"california vegetable",FALSE,258
"1368",2.32491349159101,FALSE,TRUE,"missing",FALSE,1300
"1369",0.812569764845959,TRUE,FALSE,"chicken",FALSE,234
"1370",6.49975814853401,FALSE,FALSE,"bean bacon",FALSE,1126
"1371",2.37491163119512,TRUE,TRUE,"chicken corn chowder",FALSE,1265
"1372",2.37491163119512,FALSE,TRUE,"sirloin burger",FALSE,1447
"1373",0.56257906682542,TRUE,FALSE,"chicken noodle",FALSE,50
"1374",0.78117093317458,FALSE,FALSE,"beef",FALSE,235
"1375",1.34375,FALSE,FALSE,"vegetable",FALSE,513
"1376",1.87493023515404,TRUE,FALSE,"chicken noodle",FALSE,87
"1377",0.697574043756511,TRUE,FALSE,"hearty chicken vgtbl",FALSE,1000
"1378",0.749972094061616,TRUE,FALSE,"chicken noodle",FALSE,816
"1379",1.87493023515404,FALSE,FALSE,"country french onion",FALSE,1160
"1380",1.34375,FALSE,TRUE,"cream of potato",FALSE,1514
"1381",0.499981396041077,TRUE,TRUE,"chicken",FALSE,1570
"1382",6.24976745051347,TRUE,FALSE,"cream of chicken",FALSE,1038
"1383",0.624976745051347,TRUE,FALSE,"chicken",FALSE,1183
"1384",0.171793607679714,FALSE,TRUE,"onion",FALSE,1555
"1385",1.49994418812323,TRUE,FALSE,"chicken and dumpling",FALSE,944
"1386",1.31255116088704,FALSE,TRUE,"vegetable",FALSE,1535
"1387",2.32491349159101,FALSE,TRUE,"missing",FALSE,1299
"1388",1.81253255692811,FALSE,FALSE,"7 bean",FALSE,1177
"1389",0.224991628218485,FALSE,TRUE,"vegetable",FALSE,1557
"1390",6.74974884655455,FALSE,FALSE,"split pea and ham",FALSE,1043
"1391",0.437583717815151,TRUE,FALSE,"chicken",FALSE,889
"1392",1.87493023515404,FALSE,FALSE,"lentil",FALSE,27
"1393",0.281189537133502,FALSE,FALSE,"creamy pesto",FALSE,264
"1394",0.281189537133502,FALSE,FALSE,"pork",FALSE,256
"1395",1.81253255692811,TRUE,FALSE,"country chicken",FALSE,1171
"1396",0.249990698020539,TRUE,FALSE,"chicken",FALSE,237
"1397",1.87493023515404,FALSE,FALSE,"black bean",FALSE,30
"1398",1.87493023515404,FALSE,FALSE,"white bean",FALSE,29
"1399",2.37491163119512,FALSE,TRUE,"lentil",FALSE,1429
"1400",4.4998325643697,TRUE,TRUE,"chicken",FALSE,1559
"1401",1.81253255692811,FALSE,FALSE,"beef pot pie",FALSE,1168
"1402",1.81253255692811,TRUE,FALSE,"chicken parmesan pst",FALSE,1175
"1403",1.81253255692811,FALSE,FALSE,"missing",FALSE,1163
"1404",3.249879074267,TRUE,TRUE,"fiesta chicken tortl",FALSE,1296
"1405",0.999962792082155,FALSE,FALSE,"ham",FALSE,948
"1406",0.999962792082155,TRUE,FALSE,"chicken",FALSE,1006
"1407",0.999962792082155,FALSE,FALSE,"beef",FALSE,1007
"1408",0.999962792082155,TRUE,FALSE,"chicken",FALSE,1005
"1409",2.34991256139306,TRUE,TRUE,"chicken corn chowder",FALSE,1392
"1410",0.281189537133502,FALSE,FALSE,"missing",FALSE,253
"1411",1.31255116088704,TRUE,FALSE,"chicken",FALSE,397
"1412",1.43754650989731,FALSE,FALSE,"bean bacon ham",FALSE,1055
"1413",0.374986047030808,FALSE,FALSE,"missing",FALSE,280
"1414",0.374986047030808,FALSE,FALSE,"missing",FALSE,279
"1415",1.99992558416431,FALSE,FALSE,"black bean",FALSE,796
"1416",1.87493023515404,TRUE,FALSE,"chicken & rice",FALSE,88
"1417",1.34375,FALSE,FALSE,"hearty veg & pasta",FALSE,502
"1418",2.37491163119512,FALSE,TRUE,"missing",FALSE,1394
"1419",3.249879074267,TRUE,TRUE,"fiesta chicken rice",FALSE,1295
"1420",1.87493023515404,FALSE,FALSE,"tomato",TRUE,1200
"1421",1.81253255692811,FALSE,FALSE,"country potato",FALSE,1165
"1422",8.99966512873939,FALSE,FALSE,"beef",FALSE,294
"1423",1.87493023515404,FALSE,FALSE,"vegetable",FALSE,70
"1424",0.874967443071886,FALSE,FALSE,"french onion",FALSE,1187
"1425",1.99992558416431,FALSE,FALSE,"potato",FALSE,1207
"1426",0.124995349010269,TRUE,FALSE,"chicken vegetable",FALSE,966
"1427",1.31255116088704,FALSE,TRUE,"bean bacon",FALSE,1480
"1428",1.34375,FALSE,TRUE,"vegetable beef",FALSE,1530
"1429",0.437583717815151,FALSE,FALSE,"beef",FALSE,888
"1430",2.34991256139306,FALSE,TRUE,"beef & vegetable",FALSE,1261
"1431",2.34991256139306,FALSE,TRUE,"sirloin burger",FALSE,1322
"1432",1.81253255692811,TRUE,FALSE,"country chicken",FALSE,1173
"1433",0.528780324453044,FALSE,FALSE,"hot & spicy",FALSE,51
"1434",0.241191025450216,FALSE,FALSE,"noodle",FALSE,704
"1435",0.241191025450216,FALSE,FALSE,"oriental noodle",FALSE,705
"1436",1.16255674207471,FALSE,FALSE,"missing",FALSE,847
"1437",13.4371000148832,FALSE,FALSE,"cream of mushroom",FALSE,606
"1438",0.812569764845959,FALSE,FALSE,"beef",FALSE,233
"1439",1.31255116088704,TRUE,TRUE,"cream of chicken",FALSE,1488
"1440",6.37476279952374,TRUE,FALSE,"chicken & rice",FALSE,440
"1441",1.87493023515404,TRUE,FALSE,"chicken noodle",FALSE,103
"1442",3.99985116832862,FALSE,FALSE,"beef",FALSE,657
"1443",1.87493023515404,FALSE,FALSE,"corn chowder",FALSE,1202
"1444",2.32491349159101,TRUE,TRUE,"chicken //egg noodle",FALSE,1398
"1445",2.99988837624646,FALSE,FALSE,"cream of potato",FALSE,1181
"1446",0.999962792082155,FALSE,FALSE,"beef",FALSE,1185
"1447",1.31255116088704,FALSE,FALSE,"cream of mushroom",FALSE,799
"1448",1.87493023515404,FALSE,FALSE,"clam chowder",FALSE,319
"1449",0.444983442476559,FALSE,FALSE,"dbl ndl in chckn brt",FALSE,458
"1450",1.87493023515404,FALSE,TRUE,"split pea",FALSE,1452
"1451",0.437583717815151,FALSE,FALSE,"shrimp",FALSE,892
"1452",1.87493023515404,FALSE,FALSE,"vegetable",FALSE,959
"1453",2.99988837624646,TRUE,FALSE,"chicken and pasta",FALSE,1182
"1454",6.18736977228754,TRUE,FALSE,"chicken & rice",FALSE,1112
"1455",0.528780324453044,FALSE,FALSE,"regular",FALSE,52
"1456",0.999962792082155,FALSE,FALSE,"tortilla",FALSE,133
"1457",0.124995349010269,FALSE,FALSE,"cream of broccoli",FALSE,762
"1458",2.49990698020539,FALSE,TRUE,"bean and ham",FALSE,1543
"1459",2.32491349159101,FALSE,TRUE,"missing",FALSE,1421
"1460",0.437583717815151,FALSE,FALSE,"beef",FALSE,891
"1461",1.81253255692811,FALSE,FALSE,"cream of mushroom",FALSE,105
"1462",1.81253255692811,TRUE,FALSE,"cream of chicken",FALSE,106
"1463",0.159994046733145,TRUE,FALSE,"chicken",FALSE,877
"1464",2.34871260604257,FALSE,TRUE,"corn chowder",FALSE,1292
"1465",0.749972094061616,FALSE,FALSE,"hearty bean",FALSE,838
"1466",1.31255116088704,FALSE,TRUE,"tomato",TRUE,1371
"1467",0.343787207917845,FALSE,FALSE,"onion",FALSE,898
"1468",0.864967815151064,FALSE,FALSE,"potato garlic chives",FALSE,997
"1469",1.81253255692811,FALSE,FALSE,"cream of celery",FALSE,107
"1470",1.78113372525673,TRUE,FALSE,"chicken",FALSE,86
"1471",1.6249395371335,FALSE,FALSE,"split pea",FALSE,68
"1472",0.124995349010269,FALSE,FALSE,"cream of potato",FALSE,763
"1473",0.281189537133502,FALSE,FALSE,"beef",FALSE,228
"1474",0.224991628218485,FALSE,FALSE,"lentil",FALSE,56
"1475",0.224991628218485,FALSE,FALSE,"split pea",FALSE,57
"1476",0.0525980428635214,FALSE,FALSE,"missing",FALSE,886
"1477",0.0699973954457509,FALSE,FALSE,"mushroom",FALSE,887
"1478",0.149994418812323,FALSE,FALSE,"missing",FALSE,844
"1479",1.51254371930347,FALSE,FALSE,"missing",FALSE,24
"1480",0.23759115939872,FALSE,FALSE,"black bean",FALSE,55
"1481",2.32491349159101,TRUE,TRUE,"chicken & rice",FALSE,1410
"1482",3.99985116832862,FALSE,FALSE,"creamy buternut sqsh",FALSE,711
"1483",0.37878590564072,FALSE,FALSE,"oriental noodle",FALSE,53
"1484",1.31255116088704,FALSE,TRUE,"cream of mushroom",FALSE,1510
"1485",0.124995349010269,FALSE,FALSE,"sweet corn chowder",FALSE,58
"1486",0.224991628218485,FALSE,FALSE,"red beans and rice",FALSE,59
"1487",2.37491163119512,FALSE,TRUE,"meatball",FALSE,1432
"1488",0.439983628516148,FALSE,TRUE,"beef",FALSE,1563
"1489",2.37491163119512,FALSE,TRUE,"meatball",FALSE,1309
"1490",3.249879074267,FALSE,TRUE,"vegetable",FALSE,1532
"1491",0.437583717815151,FALSE,FALSE,"beef",FALSE,36
"1492",0.424984186634916,FALSE,FALSE,"beef",FALSE,728
"1493",0.551179490995684,FALSE,FALSE,"seafood",FALSE,964
"1494",0.424984186634916,TRUE,FALSE,"chicken",FALSE,727
"1495",0.37878590564072,FALSE,FALSE,"noodle",FALSE,54
"1496",3.99985116832862,TRUE,FALSE,"chicken",FALSE,725
"1497",6.37476279952374,FALSE,FALSE,"cream of potato",FALSE,459
"1498",2.32491349159101,TRUE,TRUE,"chicken vegetable",FALSE,1274
"1499",0.499981396041077,TRUE,FALSE,"noodle with chicken",FALSE,897
"1500",3.99985116832862,FALSE,FALSE,"creamy buternut sqsh",FALSE,717
"1501",3.99985116832862,FALSE,FALSE,"missing",FALSE,718
"1502",0.406184886143771,TRUE,TRUE,"chicken",FALSE,1568
"1503",3.249879074267,FALSE,TRUE,"cream of mushroom",FALSE,1509
"1504",0.999962792082155,FALSE,FALSE,"beef",FALSE,1188
"1505",3.62486512129781,FALSE,FALSE,"13 bean",FALSE,117
"1506",0.124995349010269,FALSE,FALSE,"potato leek",FALSE,965
"1507",0.749972094061616,FALSE,FALSE,"beef",FALSE,1186
"1508",0.187593019794612,FALSE,FALSE,"missing",FALSE,843
"1509",1.87493023515404,FALSE,TRUE,"tomato",TRUE,1454
"1510",0.39618525822295,TRUE,FALSE,"chicken",FALSE,1158
"1511",0.39618525822295,FALSE,FALSE,"beef",FALSE,1159
"1512",0.374986047030808,FALSE,TRUE,"beef",FALSE,1541
"1513",0.249990698020539,FALSE,FALSE,"beef",FALSE,227
"1514",0.424984186634916,TRUE,TRUE,"chicken",FALSE,1566
"1515",0.249990698020539,FALSE,FALSE,"homestyle//vegetable",FALSE,851
"1516",1.87493023515404,TRUE,FALSE,"chicken & rice",FALSE,341
"1517",0.499981396041077,FALSE,TRUE,"beef",FALSE,1564
"1518",0.418784417324007,TRUE,FALSE,"chicken",FALSE,335
"1519",1.87493023515404,TRUE,FALSE,"chicken tortilla",FALSE,340
"1520",1.37494883911296,FALSE,FALSE,"cheddar broccoli",FALSE,952
"1521",0.374986047030808,FALSE,TRUE,"clam chowder",FALSE,1289
"1522",3.49986977228754,FALSE,FALSE,"bean",FALSE,903
"1523",1.24995349010269,FALSE,FALSE,"minestrone",FALSE,69
"1524",1.34375,FALSE,FALSE,"tomato",TRUE,798
"1525",0.287589299002828,TRUE,FALSE,"chicken vegetable",FALSE,47
"1526",0.287589299002828,FALSE,FALSE,"beef",FALSE,48
"1527",1.87493023515404,FALSE,FALSE,"lobster bisque",FALSE,321
"1528",4.69982512278613,FALSE,FALSE,"beef country veg",FALSE,500
"1529",4.64982698318202,FALSE,FALSE,"missing",FALSE,552
"1530",0.249990698020539,TRUE,FALSE,"chicken",FALSE,226
"1531",0.474982326239024,FALSE,FALSE,"beef",FALSE,729
"1532",0.524980465843131,FALSE,FALSE,"chkn ndl w/wht chkn",FALSE,1048
"1533",0.256190467331448,FALSE,FALSE,"zesty black ben w/rc",FALSE,972
"1534",1.87493023515404,FALSE,FALSE,"tomato",TRUE,82
"1535",0.65617558416431,FALSE,FALSE,"vegetable",FALSE,1212
"1536",1.34375,FALSE,FALSE,"tomato",TRUE,666
"1537",2.34991256139306,FALSE,TRUE,"sirloin burger",FALSE,1449
"1538",1.31255116088704,TRUE,FALSE,"chicken noodle",FALSE,1097
"1539",3.28107791337997,FALSE,TRUE,"vegetable beefstock",FALSE,1539
"1540",1.31255116088704,FALSE,FALSE,"crab bisque",FALSE,812
"1541",1.78113372525673,TRUE,FALSE,"chicken",FALSE,76
"1542",3.49986977228754,FALSE,FALSE,"vegetable",FALSE,116
"1543",1.99992558416431,FALSE,FALSE,"vegetable",FALSE,925
"1544",0.728772882869475,TRUE,FALSE,"chicken w wht wld rc",FALSE,1001
"1545",1.87493023515404,TRUE,FALSE,"black bean & chicken",FALSE,1025
"1546",3.99985116832862,FALSE,FALSE,"missing",FALSE,713
"1547",3.99985116832862,FALSE,FALSE,"missing",FALSE,715
"1548",0.418784417324007,FALSE,FALSE,"beef",FALSE,1024
"1549",0.131195118321179,FALSE,FALSE,"miso",FALSE,1122
"1550",6.1247721015032,FALSE,FALSE,"beef",FALSE,865
"1551",2.99988837624646,FALSE,FALSE,"lentil",FALSE,1179
"1552",1.87493023515404,FALSE,FALSE,"black bean",FALSE,25
"1553",1.87493023515404,FALSE,FALSE,"mixed bean",FALSE,958
"1554",0.224991628218485,FALSE,FALSE,"spinach",FALSE,1023
"1555",3.49986977228754,FALSE,FALSE,"pea",FALSE,902
"1556",0.999962792082155,FALSE,FALSE,"turkey",FALSE,949
"1557",0.281189537133502,TRUE,FALSE,"chicken mushroom",FALSE,260
"1558",2.24991628218485,TRUE,FALSE,"chicken tortilla",FALSE,719
"1559",0.0625976707843429,FALSE,FALSE,"missing",FALSE,325
"1560",1.31255116088704,FALSE,TRUE,"cream of celery",FALSE,1490
"1561",6.24976745051347,TRUE,FALSE,"chicken noodle",FALSE,483
"1562",2.34991256139306,FALSE,TRUE,"beef & vegetable",FALSE,1388
"1563",1.87493023515404,TRUE,FALSE,"chicken vegetable",FALSE,822
"1564",0.287589299002828,FALSE,FALSE,"missing",FALSE,49
"1565",1.21755469563923,TRUE,FALSE,"chicken & wild rice",FALSE,225
"1566",1.34375,FALSE,FALSE,"spicy vegetable",FALSE,516
"1567",1.32255078880786,FALSE,FALSE,"tomato",TRUE,517
"1568",1.32255078880786,FALSE,FALSE,"cream of chile",FALSE,1056
"1569",1.81253255692811,FALSE,FALSE,"missing",FALSE,1164
"1570",0.999962792082155,TRUE,FALSE,"chicken",FALSE,950
